Product,Price,Amount,Serving Size,Calories,Ingredients,Allergens
Run Wild Non-Alcoholic IPA,$11.99,Unknown,12 fl oz,65," Water, Organic Vienna Malt, Malted Barley, Oats, Hops, Wheat, Yeast",Wheat
Blue Moon Belgian White Ale (6-pk),$13.49,12 fl oz,12 fl oz (355 ml),168," Water, Barley Malt, Wheat, Yeast, Hop Extract, Oats, Orange Peel, Coriander.",Wheat
Modelo Especial 6pk,$10.49,12 fl oz,Unknown,Unknown,Unknown,Unknown
Hazy Little Thing 6 Pack (12 oz Cans),$9.99,Unknown,Unknown,Unknown,Unknown,Unknown
Alcohol Free Beer,$11.99,11.2 fl oz,11.2 fl oz,69," Water, Malted Barley, Hop Extract and Natural Flavor Malt Beverage With Natural Flavor",Unknown
0% Sauvignon Blanc,$14.49,25.4 fl oz,Unknown,Unknown," Dealcoholized Sauvignon Blanc Wine (94%), Grape Juice (6%), Sulfur Dioxide (Preservative).",Unknown
Founders All Day IPA,$19.99,Unknown,Unknown,Unknown,Unknown,Unknown
Hazy Little Thing 12 Pack (12 oz Cans),$18.99,Unknown,Unknown,Unknown,Unknown,Unknown
Premium Lager,$4.49,Unknown,Unknown,Unknown,Unknown,Unknown
Sip of Sunshine,$17.49,Unknown,Unknown,Unknown,Unknown,Unknown
Voodoo Ranger Imperial IPA,$2.99,19.2oz Can,Unknown,Unknown,Unknown,Unknown
Fat Tire Ale,$12.49,Unknown,Unknown,Unknown,Unknown,Unknown
Pale Ale 6 Pack (12oz Bottles),$10.99,Unknown,Unknown,Unknown,Unknown,Unknown
Dry Rose Cider,$15.99,12 fl oz,1 bottle (355 ml),160,"Hard Cider from Apples, Carbon Dioxide, Malic Acid, Sugar, Sulfites To Preserve Freshness, Organic Color Added.",Unknown
Czech Pilsner (6-pk),$10.49,11.2 fl oz,Unknown,Unknown,Unknown,Unknown
Golden Ale 4pk,$16.99,330 ml,Unknown,Unknown,Unknown,Unknown
Trippel Belgian Style Ale,$12.49,Unknown,Unknown,Unknown,Unknown,Unknown
Crisp Apple Hard Cider,$11.49,Unknown,Unknown,Unknown,Unknown,Unknown
Pilsner Can 4 Pack,$6.49,Unknown,Unknown,Unknown," Water, Malted Barley, Hops, Hop Extract",Unknown
Grapefruit Hibiscus Organic Hard Kombucha,$15.49,12 fl oz cans,1 can (355 ml),170," Raw Kombucha (Black Tea, Cane Sugar**) *, Grapefruits*, Hibiscus*, Heather*, Dried Ginger*, Yeast*",Unknown
Upside Dawn Non Alcoholic Golden,$18.99,Unknown,12 fl oz,45," Water, Malted Barley, Oats, Hops, Wheat, Yeast",Wheat
Lunch,$7.99,Unknown,Unknown,Unknown,Unknown,Unknown
Draught in Can 8PK 14.9oz,$19.99,Unknown,Unknown,Unknown,Unknown,Unknown
Variety 8-pack,$16.99,12 fl oz,1 can (12 ounce),150," Filtered Water, Cane Sugar*, Honey*, Grapefruit Juice*, Green Tea*, Lime Juice*, Hibiscus*, Grapefruit Peel Oil*, Yeast, Jun Kombucha Culture.",Unknown
Grande Réserve,$19.49,Unknown,Unknown,Unknown,Unknown,Unknown
Black Cherry Hard Kombucha 6pk Cans,$13.99,12 fl oz,12 oz (355 ml),135," Kombucha Culture [Water, Sugar*, Black Tea*, Yeast, Bacteria (Komagataiebacter Spps., Bacillus Coagulans Snz 1969 Probiotic Culture)], Acerola Juice Powder*, Adaptogen Root Blend (Ginger*, Turmeric*, Ginseng*), Cherry Flavor*, Lime*.",Unknown
90 Minute IPA Beer 6pk,$13.49,12 fl oz,Unknown,Unknown,Unknown,Unknown
Old Rasputin 4pk,$12.99,12 oz,Unknown,Unknown,Unknown,Unknown
Allagash White Beer 12pk 12oz Cans,$19.49,Unknown,Unknown,Unknown,Unknown,Unknown
Craft Ginger Mule 4pk,$10.99,12 oz,1 can,140," Water, Organic Ginger Juice, Organic Erythritol, Citric Acid, Organic Reb A (Stevia Leaf Extract), Natural Flavors, Lime Oil, Lime Juice, Lemon Oil, Lemon Juice",Unknown
Organic Ultra Pure Gold Glass Bottles 6pk,$9.49,12 fl oz,12 fl oz,85,Unknown,Unknown
Lager 4pk Cans,$7.49,Unknown,Unknown,Unknown," Water, Barley Malt and Hops.",Unknown
Ipa 6pk Can,$12.99,12 oz cans,Unknown,Unknown,Unknown,Unknown
Framboise Raspberry Lambic,$14.99,8.45 fl oz,Unknown,Unknown,Unknown,Unknown
Hefeweizen 6pk,$13.49,11.2 fl oz,Unknown,Unknown,Unknown,Unknown
La Chouffe 4pk,$11.49,Unknown,Unknown,Unknown,Unknown,Unknown
Srimshaw Pilsner Style Beer,$14.99,12 oz bottles,Unknown,Unknown,Unknown,Unknown
Lager Can 25.4oz,$3.29,24.4 fl oz,12 fl oz (355 ml),146," Water, Barley Malt, Yeast, Corn Syrup (Dextrose & Maltose), Hops",Unknown
Rosé with Elderberry,$8.99,3 servings per container,240 milliliter,40," Carbonated Water, Cane Sugar, White Tea, White Cranberry Concentrate, Elderberry Concentrate, Natural Ginger Extract, Natural Citrus Extract With Other Natural Flavors, Citric Acid.",Unknown
Ultra Pure Gold Light Beer,$15.99,12 fl oz,12 fl oz,85,Unknown,Unknown
The Partea Pack,$11.99,12 fl oz,1 can (355 ml),110," Fresh Brewed Organic Tea (Water, Darjeeling Tea, Hibiscus Flowers), Alcohol, Cane Sugar, Carbon Dioxide, Lemon Juice Concentrate, Strawberry Juice Concentrate, Raspberry Juice Concentrate",Unknown
Premier American Lager 12pk Cans,$19.99,12 servings per container,12 fl oz,90,Unknown,Unknown
Lager 12pk Cans,$13.99,144 fl oz,Unknown,Unknown,Unknown,Unknown
Boston Lager Beer 6pk,$12.49,12 fl oz,Unknown,Unknown,Unknown,Unknown
Zombie Dust Pale Ale 6pk Cans,$13.49,12 fl oz cans,Unknown,Unknown,Unknown,Unknown
Resin DIPA 6pk Can,$12.99,12 fl oz,Unknown,Unknown,Unknown,Unknown
Founders Porter,$12.99,Unknown,Unknown,Unknown,Unknown,Unknown
Original Dry Cider,$12.99,12 fl oz,12 fl oz (355 ml),150," Hard Apple Cider, Filtered Water, Cane Sugar, Brown Sugar, Malic Acid, Sulfites (To Preserve Freshness), Carbon Dioxide",Unknown
Wrench Ipa 4pk,$14.99,Unknown,Unknown,Unknown,Unknown,Unknown
Premium Ale,$13.99,Unknown,Unknown,Unknown,Unknown,Unknown
Logical Conclusion Ipa,$17.49,Unknown,Unknown,Unknown,Unknown,Unknown
Corona Light,$19.99,Unknown,Unknown,Unknown,Unknown,Unknown
Rochefort's Trappistes Rochefort Belgian Ale 10,$8.99,11.2 fl oz,Unknown,Unknown,Unknown,Unknown
Half Acre Daisy Cutter Pale Ale 4/16C,$13.99,Unknown,Unknown,Unknown,Unknown,Unknown
Juice Bomb,$12.49,Unknown,Unknown,Unknown,Unknown,Unknown
Lager 6pk Cans,$7.49,Unknown,Unknown,Unknown,Unknown,Unknown
Duchesse De Bourgogne,$12.49,Unknown,Unknown,Unknown,Unknown,Unknown
Founders All Day IPA,$1.99,Single 19.2oz can,Unknown,Unknown,Unknown,Unknown
Hard Kombucha Variety Pack 12pk,$24.99,Unknown,Unknown,Unknown," Kombucha Culture [Water, Sugar*, Black Tea*, Yeast, Bacteria (Komagataiebacter Spps., Bacillus Coagulans Snz 1969 Probiotic Culture*)], Acerola Juice Powder*, Adaptogen Root Blend (Ginger*, Turmeric*. Ginseng*) Pineapple*†, Chili*†.",Unknown
Fresh Squeezed Ipa 6pk Can,$13.49,12 fl oz cans,Unknown,Unknown,Unknown,Unknown
Can 12pk Premium,$19.99,Unknown,Unknown,Unknown,Unknown,Unknown
Belgian Golden Ale,$14.99,Unknown,Unknown,Unknown,Unknown,Unknown
Pilsner Vliet,$14.99,Unknown,Unknown,Unknown,Unknown,Unknown
American Wheat Ale,$11.99,12 fl oz,Unknown,Unknown,Unknown,Unknown
Ipa 6pk,$9.99,72 fl oz,Unknown,Unknown,Unknown,Unknown
Peche Lambic 4pk,$14.99,8.45 fl oz,Unknown,Unknown,Unknown,Unknown
Raspberry Hard Seltzer,$11.99,12 fl oz,1 can (355 ml),100," Purified Carbonated Water, Alcohol, Natural Flavors, Cane Sugar, Citric Acid, Natural Raspberry Juice Concentrate, Sodium Citrate.",Unknown
Pale Ale 6 Pack (12oz Cans),$9.99,Unknown,Unknown,Unknown,Unknown,Unknown
Blackberry Hibiscus Bellini Sparkling Mocktail,$9.49,25.4 fl oz,4 oz,20," Carbonated Water, Organic Cane Sugar, Blackberry Juice Concentrate, Natural Flavors, Hibiscus Flower Extract, Citric Acid, Malic Acid., Contains 5% Juice.",Unknown
Just the Haze Non-Alcoholic IPA Beer,$11.49,Alchohol Free (12 fl. oz. Can,Unknown,Unknown,Unknown,Unknown
Montauk Summer Ale,$9.99,12 fl oz,Unknown,Unknown,Unknown,Unknown
Original Fruit Hard Kombucha 6pk Cans,$15.49,12 fl oz,12 fl oz (355 ml),120," Organic Jun Kombucha (Organic Honey, Organic Dragonwell Green Tea), Purified Water, Organic Cane Sugar, Organic Passion Fruit Juice, Organic Elderflower, Organic Jasmine, Yeast",Unknown
Farm Flor Rustic Table Cider,$11.99,12 oz,Unknown,Unknown,Ny Apples Unpasteurized 0g Sugar No Sulfites Added,Unknown
The Crisp Pilz 6pk Can,$12.49,12 fl oz,Unknown,Unknown,Unknown,Unknown
Original Lager Beer,$3.99,Single 24 fl oz Can,Unknown,Unknown,Unknown,Unknown
Neon Rainbows 4pk,$13.49,Unknown,Unknown,Unknown,Unknown,Unknown
Mad Elf Holiday Ale 6-pack,$17.99,72 fl oz,Unknown,Unknown,Unknown,Unknown
Lager 12 Pack Can,$13.49,144 fl oz,Unknown,Unknown,Unknown,Unknown
Athletic Lite Non-Alcoholic,$11.99,12 fl oz,Unknown,Unknown," Water, Organic Malt, Organic Rice, Organic Wheat, Hops, Yeast",Wheat
IPA 6pk,$12.49,Unknown,Unknown,Unknown,Unknown,Unknown
Higher Volume 15pk Can,$18.99,Unknown,Unknown,Unknown,Unknown,Unknown
Lager Beer,$8.79,Unknown,Unknown,Unknown,Unknown,Unknown
Gose Cider 4pk Can,$11.99,48 oz,12 oz (355 ml),155,"Ny Hard Cider, Lime Concentrate, Hibiscus, Ginger Juice, Demerara Sugar, Natural Flavors, Sulfites (To Preserve Freshness)",Unknown
Vitus,$4.49,Unknown,Unknown,Unknown,Unknown,Unknown
Brooklyn Lager 6pk Bottles,$10.49,12 oz,Unknown,Unknown,Unknown,Unknown
Cider Variety Pack,$18.99,12 oz cans,12 fl oz (355 ml),140,"Original Dry Cider  Hard Apple Cider, Filtered Water, Cane Sugar, Brown Sugar, Malic Acid, Sulfites (To Preserve Freshness), Carbon Dioxide, Pineapple Cider  Hard Apple Cider, Filtered Water, Pineapple Concentrate, Cane Sugar, Brown Sugar, Malic Acid, Sulfites (To Preserve Freshness), Carbon Dioxide, Blood Orange Cider  Hard Apple Cider, Filtered Water, Blood Orange Concentrate, Cane Sugar, Brown Sugar, Whole Blood Orange Puree, Malic Acid, Red Raspberry Concentrates, Sulfites (To Preserve Freshness), Carbon Dioxide, Watermelon Cider  Hard Apple Cider, Filtered Water, Cane Sugar, Brown Sugar, Watermelon Juice Concentrate, Malic Acid, Sulfites (To Preserve Freshness), Carbon Dioxide",Unknown
Seasonal Cider 4pk,$7.49,12 fl oz,Unknown,Unknown," Freshly Pressed Apple Cider, Grapefruit Juice, Citric Acid, Sulfites To Preserve Flavor",Unknown
Spring Peeper Ale,$6.99,Unknown,Unknown,Unknown,Unknown,Unknown
Hefe Weisse,$10.99,12 fl oz,Unknown,Unknown,Unknown,Unknown
Can 19.2fz Ipa,$2.99,Unknown,Unknown,Unknown,Unknown,Unknown
Extra Stout 22oz Bottle,$3.99,Unknown,Unknown,Unknown,Unknown,Unknown
Belgian Delirium Tremens Single,$5.99,Unknown,Unknown,Unknown,Unknown,Unknown
Now Youse Can't Leave Double Ipa,$14.99,Unknown,Unknown,Unknown,Unknown,Unknown
German Lager 4pk Cans,$9.49,16.9 fl oz,Unknown,Unknown,Unknown,Unknown
Big Little Thing Imperial IPA 12oz Can,$2.79,Unknown,Unknown,Unknown,Unknown,Unknown
Nocturnum Belgian Dark Ale 4/500ml Cans,$23.99,Unknown,Unknown,Unknown,Unknown,Unknown
Brooklyn Oktoberfest,$10.49,12 fl oz,Unknown,Unknown,Unknown,Unknown
Stone IPA 6pk 12oz Can,$10.99,Unknown,Unknown,Unknown,Unknown,Unknown
Ipa 16fz 4pk Cans,$16.49,Unknown,Unknown,Unknown,Unknown,Unknown
German Wheat 4pk Cans,$9.49,16.9 fl oz,Unknown,Unknown,Unknown,Unknown
Cinq Cents Ale,$13.99,Unknown,Unknown,Unknown,Unknown,Unknown
Trappist Ale Single,$6.99,11.2 fl oz,Unknown,Unknown,Unknown,Unknown
Oktoberfest 6pk,$13.49,Unknown,Unknown,Unknown,Unknown,Unknown
Pumpkin Ale 6pk Cans,$9.99,12 fl oz,Unknown,Unknown,Unknown,Unknown
Ipa 4pk Cans,$15.99,16 fl oz,Unknown,Unknown,Unknown,Unknown
1664,$8.49,Unknown,Unknown,Unknown,Unknown,Unknown
Strawberry Lambic 4pk,$14.99,8.5 fl oz,Unknown,Unknown,Unknown,Unknown
Organic Hard Cider,$7.99,22 fl oz,Unknown,Unknown," Organic Fresh Apple Juice, Yeast.",Unknown
Semi Dry Cider 4pk Cans,$10.99,12 fl oz,1 can,155, New England & UK Apples.,Unknown
Hard Kombucha Rotating Variety 6pk,$13.99,12 oz cans,Unknown,Unknown," Kombucha (Water, Sugar†, Black Tea†, Yeast, Bacteria^), Ginger†, Turmeric†, Passionfruit Flavor†, Hop Flavor†, Acerola Juice†, Monk Fruit Juice†, Fruit and Vegetable Juice†.",Unknown
Wit`s Up Apple Cider Cans 4pk,$13.49,64 oz,16 oz,155,100% Locally Sourced Apples.,Unknown
Elephant Strong Lager 4pk 16.9oz Cans,$7.49,Unknown,Unknown,Unknown,Unknown,Unknown
Big Wave 12Pk,$21.49,Unknown,Unknown,Unknown,Unknown,Unknown
Dry Cider 4pk,$15.99,12 fl oz,1 bottle (355 ml),166,"Hard Cider from Apples and Pears, Carbon Dioxide, Malic Acid, Sugar, Sulfites To Preserve Freshness.",Unknown
Original Blend Cider 4pk,$8.49,Unknown,1 can,182," Freshly Pressed Apple Cider, Malic Acid.",Unknown
Oh-J Double IPA,$17.49,Unknown,Unknown,Unknown,Unknown,Unknown
Trappist 8,$6.49,Unknown,Unknown,Unknown,Unknown,Unknown
Hop Mimosa Cider,$11.99,12 oz,Unknown,Unknown,Unknown,Unknown
Lager 4pk Cans,$9.99,64 fl oz,Unknown,Unknown,Unknown,Unknown
Extra 12pk Cans,$19.99,Unknown,Unknown,Unknown,Unknown,Unknown
Tripel Belgian-style Golden Ale,$11.49,Unknown,Unknown,Unknown,Unknown,Unknown
Standard Hard Cider 6pk Can,$12.49,12 oz,12 oz (355 ml),140," Hard Apple Cider, Filtered Water, Bittersweet Apple Concentrate, Malic Acid, Sulfites (To Preserve Freshness), Carbon Dioxide",Unknown
Tiny Juicy IPA,$10.99,72 fl oz,Unknown,Unknown,Unknown,Unknown
India Pale Ale 22fz Sgl,$16.49,Unknown,Unknown,Unknown,Unknown,Unknown
Gose Rose Cider,$11.99,12 oz,12 oz (355 ml),160,"Ny Hard Cider, Smoked Agave Syrup, Lime Concentrate, Lemon Zest, Lime Zest, Naw Lemon Extract, Sulfites (To Preserve Freshness)",Unknown
Lager 25fz Can,$4.49,Unknown,Unknown,Unknown,Unknown,Unknown
Scottish Ale 4pk,$14.49,Unknown,Unknown,Unknown,Unknown,Unknown
White 19.2fz,$2.99,Unknown,Unknown,Unknown,Unknown,Unknown
Narragansett - Fresh Catch Golden Ale 6pk,$9.49,Unknown,Unknown,Unknown,Unknown,Unknown
Deepfake Non-Alcoholic IPA 6pk Cans,$12.99,12 oz cans,Unknown,Unknown,Unknown,Unknown
Grand Reserve Ale,$6.99,11.2 fl oz,Unknown,Unknown,Unknown,Unknown
Shandy Beer,$10.99,102 fl oz,Unknown,Unknown,Unknown,Unknown
Seasonal 6pk Cans,$9.49,16 fl oz,Unknown,Unknown,Unknown,Unknown
Brooklyn East IPA,$10.49,72 fl oz,Unknown,Unknown,Unknown,Unknown
Sour Monkey 19.2fz Can,$2.49,Unknown,Unknown,Unknown,Unknown,Unknown
Up And Comers,$13.99,Unknown,Unknown,Unknown,Unknown,Unknown
Lager 6pk,$9.49,96 fl oz,Unknown,Unknown,Unknown,Unknown
Premium Lager,$1.99,11.2 fl oz,Unknown,Unknown,Unknown,Unknown
Money Ipa,$17.99,Unknown,Unknown,Unknown,Unknown,Unknown
Surf Variety Pack 12pk,$17.49,12 servings per container,1 can (355 ml),100,"Citrus Yuzu  Purified Carbonated Water, Alcohol, Natural Flavors, Citric Acid, Cane Sugar, Natural Lemon Juice Concentrate, Sodium Citrate., Tropical Pomelo  Purified Carbonated Water, Alcohol, Natural Flavors, Citric Acid, Cane Sugar, Natural Grapefruit Juice Concentrate, Sodium Citrate., Watermelon Lime  Purified Carbonated Water, Alcohol, Natural Flavors, Citric Acid, Cane Sugar, Natural Watermelon Juiice Concentrate, Sodium Citrate., Wildberry Acai  Purified Carbonated Water, Alcohol, Natural Flavors, Citric Acid, Cane Sugar, Natural Blackberry Juice Concentrate, Sodium Citrate.",Unknown
Strawberry Rhubarb Hard Cider 6pk Cans,$12.49,72 oz,12 oz (355 ml),140," Ny Hard Cider, Blueberry Concentrate, Raspberry Concentrate, Blackberry Concentrate, Natural Flavors, Sulfites (To Preserve Freshness) Carbon Dioxide",Unknown
Three Philosophers,$12.49,Unknown,Unknown,Unknown,Unknown,Unknown
Dry Rose Cider,$3.99,12 fl oz,1 bottle (355 ml),160,"Hard Cider from Apples, Carbon Dioxide, Malic Acid, Sugar, Sulfites To Preserve Freshness, Organic Color Added",Unknown
Blue Moon Belgian White,$1.99,12 fl oz,12 fl oz (355 ml),168,Belgian-style Wheat Ale Brewed With Coriander & Orange Peel,Wheat
Another One Beer,$7.99,Unknown,Unknown,Unknown,Unknown,Unknown
Weihenstephaner,$4.49,Unknown,Unknown,Unknown,Unknown,Unknown
Original Dry Cider 19.2oz Can,$3.99,1 servings per container,19 fl oz (568 ml),230," Hard Apple Cider, Filtered Water, Cane Sugar, Brown Sugar, Malic Acid, Sulfites (To Preserve Freshness), Carbon Dioxide",Unknown
Vitus 6pk,$13.49,11.2 fl oz,Unknown,Unknown,Unknown,Unknown
Trappist No.6,$6.99,11.2 fl oz,Unknown,Unknown,Unknown,Unknown
Premium Ale,$4.49,Unknown,Unknown,Unknown,Unknown,Unknown
Blood Orange,$3.99,19.2 fl oz,19 fl oz (568 ml),240," Hard Apple Cider, Filtered Water, Blood Orange Concentrate, Cane Sugar, Brown Sugar, Whole Blood Orange Puree, Malic Acid, Red Raspberry Concentrate, Sulfites (To Preserve Freshness), Carbon Dioxide",Unknown
Signature Cider 4pk Can,$10.49,48 fl oz,Unknown,Unknown,Unknown,Unknown
Woods And Waters Ipa Single,$7.99,Unknown,Unknown,Unknown,Unknown,Unknown
Boogie Down Set,$21.49,144 fl oz,Unknown,Unknown,Unknown,Unknown
Lager Beer,$9.99,Unknown,Unknown,Unknown,Unknown,Unknown
Mega Boss Ipa,$15.99,16 oz one pint,Unknown,Unknown,Unknown,Unknown
Golden Ale,$4.49,330 ml,Unknown,Unknown," Water, Barley Malt, Glucose Syrup, Yeast, Hop.",Unknown
Pilsner 6pk Cans,$10.99,12 fl oz cans,Unknown,Unknown,Unknown,Unknown
Pale Ale,$1.99,12 fl oz,Unknown,Unknown,Unknown,Unknown
Brooklyn Lager 12pk Cans,$18.99,Unknown,Unknown,Unknown,Unknown,Unknown
WLD BRY 24OZ CAN - 1,$3.99,2 servings per container,12 fl oz (355 ml),200,Unknown,Unknown
90 Minute Ipa Single,$2.99,12 fl oz,Unknown,Unknown,Unknown,Unknown
Black Chocolate Stout 6 Pack,$14.99,12 oz,Unknown,Unknown,Unknown,Unknown
Original Lager 6pk,$11.49,11.2 fl oz,Unknown,Unknown,Unknown,Unknown
Summer Pale Ale with Lemon Peel,$15.49,Unknown,Unknown,Unknown,Unknown,Unknown
Hefe Weissbier 4pk Can,$11.49,Unknown,Unknown,Unknown,Unknown,Unknown
Crisp Apple Cider Single,$2.99,12 fl oz,12 fl oz (355 ml),190,Unknown,Unknown
Mermaid Pilsner 6pk,$12.49,72 fl oz,Unknown,Unknown,Unknown,Unknown
6pk,$12.49,12 fl oz bottles,Unknown,Unknown,Unknown,Unknown
Russian Imperial Stout,$3.99,12 fl oz,Unknown,Unknown,Unknown,Unknown
Smile My Guy Ipa 4pk Cans,$13.99,Unknown,Unknown,Unknown,Unknown,Unknown
Stone Delicious IPA 19.2oz Can,$2.99,Unknown,Unknown,Unknown,Unknown,Unknown
Double IPA Double Dog Beer 19.2 fl oz,$3.99,Unknown,Unknown,Unknown,Unknown,Unknown
Crisp Apple Cider,$3.99,24 fl oz,12 oz (355 ml),190," Hard Cider, Water, Cane Sugar, Apple Juice from Concentrate, Malic Acid, Natural Flavor, Carbon Dioxide and Sulfites To Preserve Freshness",Unknown
Non-alcoholic Blonde Ale 6pk Cans,$11.99,12 fl oz,1 can (355 ml),15," Water, Barley, Hops, Yeast",Unknown
Trippel Belgian Style Ale,$2.99,12oz Bottle,Unknown,Unknown,Unknown,Unknown
Imperial IPA The Truth Beer 19.2 fl oz,$3.99,Unknown,Unknown,Unknown,Unknown,Unknown
Lager Can 16fz 4pk,$16.49,Unknown,Unknown,Unknown,Unknown,Unknown
Coffee Stout 16.9fz Sgl,$7.99,Unknown,Unknown,Unknown,Unknown,Unknown
Blonde,$1.99,11.2 fl oz,Unknown,Unknown,Unknown,Unknown
Mango Makgeolli 4pk Cans,$11.99,12 fl oz,1 can (355 ml),180," Water, Rice, Cane Sugar, Mango Concentrate, Rice Nuruk, Nuruk (Live Cultures), Carbon Dioxide, Yeast",Unknown
Light Lager 6pk Cans,$7.49,Unknown,Unknown,Unknown,Unknown,Unknown
Irish Dry Stout 6pk,$16.99,12 oz,Unknown,Unknown,Unknown,Unknown
Founders Porter,$2.99,Single 12 oz bottle,Unknown,Unknown,Unknown,Unknown
Nut Brown Cans 4pk,$16.99,14.9 fl oz,Unknown,Unknown,Unknown,Unknown
Lager Ny Can 16fz 4pk,$17.99,Unknown,Unknown,Unknown,Unknown,Unknown
Boston Lager,$1.79,12 fl oz,Unknown,Unknown,Unknown,Unknown
Big Dog Lager,$2.29,Unknown,Unknown,Unknown,Unknown,Unknown
IPA Set,$21.49,Unknown,Unknown,Unknown,Unknown,Unknown
Hefeweiss Single,$2.99,112 fl oz,Unknown,Unknown,Unknown,Unknown
Ultra Pure Gold,$1.99,12 fl oz,12 fl oz,85,Unknown,Unknown
Scrimshaw Pilsner Single,$2.99,12 fl oz,Unknown,Unknown,"Water, Malted Barley, Hops, Yeast & That's All.",Unknown
Brooklyn East IPA 12oz Bottle,$2.99,Unknown,Unknown,Unknown,Unknown,Unknown
Mind Haze Variety IPA Beer Pack,$22.99,Unknown,Unknown,Unknown,Unknown,Unknown
Tannen Zapfle Pilsner,$3.99,12.2 fl oz,Unknown,Unknown,Unknown,Unknown
Jamaican Lager Single,$1.99,11.2 fl oz,11.2 fl oz,139,Unknown,Unknown
Mad Elf Holiday Ale Single,$3.99,12 fl oz,Unknown,Unknown,Unknown,Unknown
Kill Van Kolsch 6pk Can,$12.99,12 fl oz,Unknown,Unknown,Unknown,Unknown
Cuvee Rene,$16.99,25.4 fl oz,Unknown,Unknown,Unknown,Unknown
Bock Single,$1.99,12 fl oz,Unknown,Unknown,Unknown,Unknown
Hefe Weisse Single 12 oz. Bottle,$1.99,Unknown,Unknown,Unknown,Unknown,Unknown
Black Chocolate Stout 12oz Bottle,$2.99,Unknown,Unknown,Unknown,Unknown,Unknown
Festbier Single,$2.99,67.2 fl oz,Unknown,Unknown,Unknown,Unknown
Pale Ale 12fz Sgl,$1.99,Unknown,Unknown,Unknown,Unknown,Unknown
Original Lager Single,$1.99,11.2 fl oz,Unknown,Unknown,Unknown,Unknown
Lager Single Bottle,$1.99,12 fl oz,Unknown,Unknown,Unknown,Unknown
Bud 25oz Can - 1,$2.49,Unknown,Unknown,Unknown,Unknown,Unknown
Voodoo Ranger Juice Force Imperial IPA Can,$2.99,Unknown,Unknown,Unknown,Unknown,Unknown
Cigar City Jai Alai IPA 19.2 oz can,$2.99,Unknown,Unknown,Unknown,Unknown,Unknown
Bud Light Single Can,$2.49,12 fl oz,Unknown,Unknown,Unknown,Unknown
Black Cherry Hard Seltzer,$11.99,12 fl oz,1 can (355 ml),100," Purified Carbonated Water, Alcohol, Natural Flavors, Cane Sugar, Citric Acid, Natural Cherry Juice Concentrate, Sodium Citrate.",Unknown
Atomic Torpedo DIPA 19.2fz Can,$3.29,Unknown,Unknown,Unknown,Unknown,Unknown
Draught in Can 4PK 14.9oz,$9.99,1 servings per container,14.9 fl oz,125,Unknown,Unknown
Original Lager Beer,$10.49,6 servings per container,12 fl oz,142,Unknown,Unknown
Lager 25fz Can,$3.29,Unknown,9 fl oz per,150,Unknown,Unknown
Corona Extra,$10.49,12 fl oz,Unknown,Unknown,Unknown,Unknown
Clara 12pk Can - 1,$19.99,Unknown,Unknown,Unknown,Unknown,Unknown
Big Little Thing Imperial IPA 6 Pack (12oz Cans),$10.99,Unknown,Unknown,Unknown,Unknown,Unknown
Original Lager Beer,$19.99,Unknown,Unknown,Unknown,Unknown,Unknown
Hop Splash Hop Infused Sparkling Water,$8.99,12 fl oz,12 fl oz (355 ml),0," Water, Hops, Carbon Dioxide",Unknown
Modelo Especial 24oz Can,$4.49,Unknown,Unknown,Unknown,Unknown,Unknown
(12-pk),$19.99,Unknown,Unknown,Unknown,Unknown,Unknown
Lager Can,$1.99,710 ml,Unknown,Unknown,Unknown,Unknown
Clara,$10.49,12 fl oz,Unknown,Unknown,Unknown,Unknown
Classic,$12.49,Unknown,Unknown,Unknown,Unknown,Unknown
Kiwi Strawberry Hard Tea,$3.49,19.2 fl oz,12 fl oz (355 ml),150,Unknown,Unknown
Guavamente Guava & Mint Hard Kombucha 6-Pack Can,$15.49,1 servings per container,12 fl oz (355 ml),120," Filtered Water, Cane Sugar*, Honey*, Guave Puree*, Lime Juice*, Green Tea*, Peppermint*, Yeast, Jun Culture",Unknown
Strawberry Guava Margarita 19.2oz,$3.49,Unknown,Unknown,Unknown," Sparkling Water, Alcohol (from Fermented Organic Cane Sugar, Organic Agave Nectar, Organic Lime Juice), Organic Strawberry Juice, Organic Guava Puree, Natural Flavors, Sea Salt, Organic Monk Fruit Extract.",Unknown
Nastro Azzuro,$11.99,11.2 fl oz,11.2 fl oz (330 ml),139,Unknown,Unknown
Hard Tea,$3.49,1.6 servings per container,12 fl oz (355 ml),150," Purified Water, Cane Sugar, Peach Puree, Garpe Juice, Lemon Juice, Black Tea*, Guayusa*, Yeast",Unknown
Dry Cider 12fz Sgl,$4.99,Unknown,1 bottle (355 ml),191," Hard Cider from Apples, Carbon Dioxide, Malic Acid, Grape Skin Extract, Sugar, Natural Flavor, Sulfites To Preserve Freshness.",Unknown
Lite 12pk Cans,$13.99,1 servings per container,12 fl oz (355 ml),96," Water, Barley Malt, Corn Syrup (Dextrose), Yeast, Hops and Hop Extract.",Unknown
Pilsner Beer,$1.99,12 fl oz,Unknown,Unknown,Unknown,Unknown
Gluten-free Blonde Ale (4-pk),$13.49,1 servings per container,1 can (473 ml),230,"water, millet, corn, demerara sugar, hops, yeast.",Unknown
Especial 12pk Can,$19.99,Unknown,Unknown,Unknown,Unknown,Unknown
Passion Fruit Makgeolli 4pk Cans,$11.99,12 fl oz,1 can (355 ml),180," Water, Rice, Passion Fruit Concentrate, Cane Sugar, Rice Nuruk, Nuruk (Live Cultures), Carbon Dioxide, Yeast",Unknown
Blue Unfiltered Light Lager 6pk Cans,$11.99,12 fl oz,12 fl oz,140,Unknown,Unknown
Safety Glasses Non-Alcoholic IPA 6pk Cans,$13.99,12 fl oz,12 fl oz,83,Unknown,Unknown
Lagunitas IPNA,$11.99,Unknown,12 fl oz (355 ml),80,Unknown,Unknown
Mojito Variety 6pk,$13.99,12 fl oz cans,Unknown,Unknown," Sparkling Water, Alcohol (from Fermented Organic Cane Sugar and Organic Lime Juice), Organic Watermelon Juice, Natural Flavors, Organic Mint, Organic Monk Fruit Extract.",Unknown
Bud Light,$13.49,12 fl oz cans,12 fl oz,110,"Water, Barley, Rice, Hops",Unknown
Nocturnum Belgian Dark Ale 750ml Bottle,$15.49,Unknown,Unknown,Unknown,Unknown,Unknown
Nastro Azzuro,$1.99,11.2 fl oz,11.2 fl oz (330 ml),139," Water, Barley Malt, Italian Maize, Hops",Unknown
Safety Glasses Non-Alcoholic Pils 6pk Cans,$13.99,12 fl oz,Unknown,Unknown,Unknown,Unknown
Dry White Cider,$4.99,12 fl oz,1 bottle (355 ml),166,"Hard Cider from Apples and Pears, Carbon Dioxide, Malic Acid, Sugar, Sulfites To Preserve Freshness.",Unknown
Belgium,$19.49,11.2 fl oz,Unknown,Unknown,Unknown,Unknown
Stone Delicious IPA 12pk 12oz Can,$18.99,144 fl oz,Unknown,Unknown,Unknown,Unknown
Bock Beer 6 Pack,$10.99,12 fl oz bottles,Unknown,Unknown,Unknown,Unknown
Trail Pass IPA,$11.99,12 fl oz cans,12 fl oz,95,Unknown,Unknown
Pacifico Clara Single,$1.99,12 fl oz bottles,Unknown,Unknown,Unknown,Unknown
Ginger Hard Cider 6pk Can,$12.99,72 oz,12 oz (355 ml),140," Hard Apple Cider, Filtered Water, Bittersweet Apple Concentrate, Ginger Juice, Grapefruit Concentrate, Malic Acid, Natural Flavors, Sulfites (To Preserve Freshness), Carbon Dioxide",Unknown
Guavamente 4pk,$3.49,19.2 fl oz,12 fl oz (355 ml),150," Purified Water, Cane Sugar, Lemon Juice Concentrate, Black Tea*, Yeast",Unknown
Gummies Tropical IIPA,$12.99,12 oz,Unknown,Unknown,Unknown,Unknown
Orange Passion Mimosa 6pk,$13.99,12 fl oz,12 oz (355 ml),130," Kombucha (Water, Sugar†, Black Tea†, Yeast, Bacteria^), Ginger†, Turmeric†, Orange Flavor†, Passionfruit Flavor†, Guava Flavor†, Acerola Juice†, Monk Fruit Juice†, Fruit and Vegetable Juice†.",Unknown
Unfiltered Lager 6pk Cans,$11.99,12 fl oz,Unknown,Unknown,Unknown,Unknown
19.2 oz White Tea & Watermelon,$3.99,Unknown,1 can (568 ml),160," Fresh Brewed Organic Tea (Water, White Tea), Alcohol, Cane Sugar, Carbon Dioxide, Lemon Juice Concentrate, Lime Juice Concentrate, Watermelon Juice Concentrate, Raspberry Juice Concentrate",Unknown
Non-Alcoholic Irish Stout 4pk Cans,$10.99,14.9 fl oz,12 fl oz,60,Unknown,Unknown
Silver Lager 12pk Cans,$19.99,12 servings per container,12 fl oz (355 ml),95," Water, Malted Barley, Hop Extract",Unknown
Lagunitas IPA,$2.99,Single 12 fl. oz. Bottle,Unknown,Unknown,Unknown,Unknown
Belgian White Blue Moon,$22.99,12 fl oz bottles,12 fl oz (355 ml),156," Water, Barley Malt, Wheat, Yeast, Hop Extract, Oats, Orange Peel, Coriander.",Wheat
Variety Pack Hard Charged Tea,$18.99,12 fl oz cans,Unknown,Unknown,Unknown,Unknown
- Ddh Forever Ever Ipa 4pk,$17.99,16 fl oz,Unknown,Unknown,Unknown,Unknown
Czech Pilsner,$1.99,330 ml,11.2 fl oz (330 ml),139,Unknown,Unknown
Hazy Rays IPA 4pk Cans,$14.99,Unknown,Unknown,Unknown,Unknown,Unknown
Free Wave Hazy IPA,$11.99,12 fl oz cans,12 fl oz,70," Water, Malted Barley, Wheat, Hops, Yeast",Wheat
Allagash Crown & Hops Cur-8 4pk 16oz Cans,$16.49,Unknown,Unknown,Unknown,Unknown,Unknown
Non-Alcoholic Cerveza Light Copper 6pk Cans,$11.99,12 fl oz cans,Unknown,Unknown,Unknown,Unknown
Bud 12pk Can - 1,$13.49,Unknown,Unknown,Unknown,Unknown,Unknown
Lagunitas IPNA,$1.99,Single 12 fl. oz. Bottle,12 fl oz (355 ml),80,Unknown,Unknown
Happiest Hour Variety Pack,$11.99,12 fl oz,1 can (355 ml),110," Fresh Brewed Organic Tea (Water, Green Rooibos Jasmine Buds, Rose Petals, Hibiscus Flowers), Alcohol, Blueberry Juice Concentrate, Carbon Dioxide, Pomegranate Juice Concentrate, Lemon Juice Concentrate",Unknown
Toast Lager Can 6pk,$11.99,12 fl oz cans,Unknown,Unknown,Unknown,Unknown
Wit Renaissance Can 16Fz 4Pk,$14.99,Unknown,Unknown,Unknown,Unknown,Unknown
Upside Dawn Non Alcoholic Golden,$11.99,Unknown,12 fl oz,45," Water, Organic Vienna Malt, Malted Barley, Oats, Hops, Wheat, Yeast",Wheat
IPA 16fz 4Pk Cans,$15.99,Unknown,Unknown,Unknown,Unknown,Unknown
Lagunitas Hazy Wonder Ale,$13.49,Unknown,12 fl oz (355 ml),170,Unknown,Unknown
Alexander Flanders Ale 4pk,$17.99,11.2 fl oz,Unknown,Unknown,Unknown,Unknown
Lindeman's Framboise Lambic Belgian Raspberry,$14.49,Unknown,Unknown,Unknown,Unknown,Unknown
Light Beer,$10.49,12 fl oz,Unknown,Unknown,Unknown,Unknown
Lagunitas Maximus Ale,$2.99,Single 12 fl. oz. Bottle,Unknown,Unknown,Unknown,Unknown
Mango Daydream,$15.99,12 fl oz,1 can (355 ml),150,"filtered water, cane sugar*, mango puree*, honey*, pineapple juice*, orange juice*, green tea*, cayenne pepper*, mango flavor*, yeast, jun kombucha culture",Unknown
Tremens 4 pack,$19.49,500 ml can,Unknown,Unknown,Unknown,Unknown
Stone Delicious IPA 6pk 12oz Can,$12.49,Unknown,Unknown,Unknown,Unknown,Unknown
Sixpoint Resin 19.2oz Can,$2.99,Unknown,Unknown,Unknown,Unknown,Unknown
Southern Tier Overpack'd 15pk,$19.99,Unknown,Unknown,Unknown,Unknown,Unknown
Sixpoint Sweet Action 6pk Can,$12.49,12 fl oz,Unknown,Unknown,Unknown,Unknown
Core Double IPA 4pk Cans,$17.99,Unknown,Unknown,Unknown,Unknown,Unknown
Sunset Variety 8-pack,$17.99,12 fl oz,1 can (355 ml),160,"filtered water, cane sugar, black cherry juice, honey, green tea, vanilla bean, cherry flavor, yeast, jun kombucha culture",Unknown
Spiked Hard Seltzer Paradise Variety 12pk Cans,$21.99,Unknown,Unknown,Unknown,"Lemon: Carbonated Water, Alcohol from Fermented Cane Sugar, Lemon Juice, Citric Acid., Ingredients Grapefruit: Carbonated Water, Alcohol from Fermented Cane Sugar, Grapefruit Juice, Orange Juice, Hibiscus (For Color), Citric Acid., Ingredients Passion Orange Guava: Carbonated Water, Alcohol from Fermented Cane Sugar, Passion Fruit Juice, Guava Puree, Orange Juice, Citric Acid., Ingredients Blood Orange Tangerine: Carbonated Water, Alcohol from Fermented Cane Sugar, Blood Orange Juice, Tangerine Juice, Citric Acid.",Unknown
Spiked Hard Seltzer Staycation Variety 12pk Cans,$21.99,Unknown,1 can (355 ml),85,"pineapple: carbonated water, alcohol from fermented cane sugar, pineapple juice, citric acid., ingredients mango: carbonated water, alcohol from fermented cane sugar, mango puree, orange juice, citric acid., ingredients lime: carbonated water, alcohol from fermented cane sugar, lime juice., ingredients strawberry lemonade: carbonated water, alcohol from fermented cane sugar, strawberry puree, lime juice, lemon juice.",Unknown
Grapefruit Radler 4pk Cans,$9.49,16.9 fl oz,Unknown,Unknown,Unknown,Unknown
Premium Lager Bottles 6pk,$10.99,11.2 fl oz,Unknown,Unknown,Unknown,Unknown
Allagash Hop Reach 12pk 12oz Cans,$19.49,Unknown,Unknown,Unknown,Unknown,Unknown
Hopslam Double IPA 6pk Can,$18.99,12 oz cans,Unknown,Unknown,Unknown,Unknown
Hard Tea Variety 12-Pack,$21.99,1 servings per container,12 fl oz (355 ml),150,"peach iced tea ingredients: purified water, cane sugar, peach puree, grape juice, lemon juice, black tea*, guayusa*, yeast kiwi strawberry ingredients: purified water, cane sugar, strawberry puree, kiwi puree, lemon juice, keemun black tea*, yerba mate*, yeast mixed berry ingredients: purified water, cane sugar, blackberry puree, raspberry puree, lemon juice, black tea*, spearmint*, yeast half & half ingredients: purified water, cane sugar, lemon juice, black tea*, yeast",Milk and Dairy
Classic Apple Cider Sgl,$3.99,11.2 fl oz,11.2 f (330 ml),43," Apple Wine, Apple Concentrate, Carbonated Water",Unknown
- Fiore Non-alcoholic Aperitif,$32.99,27.2 fl oz,2 fl oz (60 ml),30," Filtered Water, White Grape Juice Concentrate, Ginger Juice, Lemon Juice, Rose Extract, Rosemary Extract, Natural Elderflower Flavor, Black Currant Juice Concentrate, Chamomile Flavor, Ginseng Root, Lemon Balm Extract, Bitter Orange Rind, Fruit & Vegetables Extract (For Color)",Unknown
Imposter Pilsner Cans 4pk,$13.99,Unknown,Unknown,Unknown,Unknown,Unknown
Founders Dirty Bastard Scotch Ale,$12.99,Unknown,Unknown,Unknown,Unknown,Unknown
Citra Dreams Hazy Ipa 4pk Cans,$11.99,Unknown,Unknown,Unknown,Unknown,Unknown
Non-alcoholic Wheat Ale 11fz 6pk,$10.99,11.2 fl oz,11.2 fl oz,50,Unknown,Unknown
Pilsner 6pk,$15.99,122 fl oz,Unknown,Unknown,Unknown,Unknown
Lagunitas a Little Sumpin' Sumpin' Ale,$2.99,Single 19.2 fl. oz. Can,Unknown,Unknown,Unknown,Unknown
Non-alcoholic Wheat Ale 11fz 6pk,$10.99,11.2 fl oz,11.2 fl oz,50,Unknown,Unknown
60 Minute Ipa Single Can,$2.99,19.2 fl oz,Unknown,Unknown,Unknown,Unknown
Daisy Cutter Pale Ale 6/12C,$12.99,Unknown,Unknown,Unknown,Unknown,Unknown
Cider Donut Cider 4pk Cans,$10.99,12 fl oz,1 can,175," Fresh Pressed Apple Cider, Brown Sugar, Cinnamon Extract, Vanilla Extract, Natural Flavors, Sulfites To Preserve Flavor",Unknown
Helles Lager 4pk Cans,$11.49,16.9 fl oz,Unknown,Unknown,Unknown,Unknown
Coors Light,$12.99,12 fl oz,Unknown,Unknown,Unknown,Unknown
World Gone Hazy IPA,$13.99,Unknown,Unknown,Unknown,Unknown,Unknown
Organic Non-Alcoholic Kernza Lager 6pk Cans,$13.49,12 fl oz,Unknown,Unknown,Unknown,Unknown
Cider Variety 12pk,$19.99,1 servings per container,12 fl oz (355 ml),150," Fermented Apple Juice, Pineapple Juice, Malic Acid, Sulfite (Preservative).",Unknown
Bell's Mix Variety 12pk Can,$21.49,Unknown,Unknown,Unknown,Unknown,Unknown
Pipeworks Ninja Vs. Unicorn - 4pk,$14.99,Unknown,Unknown,Unknown,Unknown,Unknown
Gather House Wheat 4pk Cans,$10.99,16 oz,Unknown,Unknown,Unknown,Unknown
Wave Table Ipa 4pk Cans,$13.49,Unknown,Unknown,Unknown,Unknown,Unknown
Gold Cider 4pk Cans,$11.49,11.2 oz,11.2 oz (330 ml),105,cider,Unknown
Brut Cuvee Cider 4pk,$15.99,12 fl oz,Unknown,Unknown,"Hard Cider from Apples, Carbon Dioxide, Malic Acid, Natural Apple Flavor, Sulfites To Preserve Freshness.",Unknown
Allagash Hop Reach 6pk 12oz Cans,$14.49,Unknown,Unknown,Unknown,Unknown,Unknown
Kolsch Non-Alc,$11.99,12 fl oz cans,12 fluid ounce,55,Unknown,Unknown
Lakehouse Variety Sparkling Hard Tea 6pk Cans,$14.99,Unknown,Unknown,Unknown,Unknown,Unknown
Variety 12pk Cans,$20.99,Unknown,Unknown,Unknown,Unknown,Unknown
Non-Alcoholic Special Effects Variety 12pk Cans,$17.99,Unknown,Unknown,Unknown,Unknown,Unknown
139 Dry Rose Cider 4pk Cans,$15.99,12 fl oz,1 can (355 ml),160,"Hard Cider from Apples, Carbon Dioxide, Malic Acid, Sugar, Sulfites and Organic Food Coloring.",Unknown
West Coast IPA Non-Alc,$11.99,12 fl oz cans,Unknown,Unknown,Unknown,Unknown
Peach Tea Cider 4pk,$10.99,12 fl oz,Unknown,Unknown,Unknown,Unknown
Aple Cider,$14.99,11.2 fl oz bottles,Unknown,Unknown,Unknown,Unknown
Voodoo Ranger Imperial IPA,$2.99,12oz Bottle,Unknown,Unknown,Unknown,Unknown
Hazy IPA Non-Alc,$11.99,12 fl oz cans,Unknown,Unknown,Unknown,Unknown
Blanc Cider 4pk Cans,$11.49,11.2 fl oz,11.2 oz (330 ml),125,cider.,Unknown
Brooklyn Pilsner 6pk Cans,$10.49,12 oz,Unknown,Unknown,Unknown,Unknown
Voodoo Ranger Fruit Force IPA,$12.49,Unknown,Unknown,Unknown,Unknown,Unknown
Rosé Cider 4pk Cans,$11.49,11.2 fl oz,11.2 oz (330 ml),130,"cider., contains sulfites",Unknown
Variety Core 12pk Non-Alcoholic,$21.99,Unknown,Unknown,Unknown,Unknown,Unknown
Lagunitas IPA,$2.99,Single 19.2 fl. oz. Can,Unknown,Unknown,Unknown,Unknown
Lager 16fz 4pk Cans,$13.99,Unknown,Unknown,Unknown,Unknown,Unknown
Dry Red Cider 4pk,$15.99,12 fl oz,Unknown,Unknown,Unknown,Unknown
Lagunitas,$2.99,Unknown,Unknown,Unknown,Unknown,Unknown
Ultra Pure Gold Lager 12pk Cans,$15.99,Unknown,12 fl oz,85,Unknown,Unknown
Lagunitas Maximus Ale,$2.99,Single 19.2 fl. oz. Can,Unknown,Unknown,Unknown,Unknown
ULTRA Light Beer,$15.99,1 servings per container,12 fluid ounce,95,Unknown,Unknown
Little Whaleboat Ipa 16.9fz,$7.99,Unknown,Unknown,Unknown,Unknown,Unknown
Hazy Little Thing,$2.79,19.2 fl oz,Unknown,Unknown,Unknown,Unknown
Lagunitas Island Beats,$13.49,Unknown,Unknown,Unknown,Unknown,Unknown
Ipa Mixed Pack,$22.99,Unknown,Unknown,Unknown,Unknown,Unknown
Lagunitas IPA,$12.49,Unknown,12 fl oz (355 ml),190,Unknown,Unknown
Non-Alcoholic Really Really Hoppy 6pk Cans,$11.49,12 fl oz,1 can (355 ml),0," Carbonated Water, Simcde Hops, Decaffeinated Black Tea, Citra Hops, Citric Acid",Unknown
Bourbon Barrel Stout 4pk Cans,$15.99,12 fl oz,Unknown,Unknown,Unknown,Unknown
6.66 Duvel Blonde 4pk,$16.99,11.2 fl oz,Unknown,Unknown,Unknown,Unknown
Daypack Mango Sparkling Water,$8.19,12 fl oz cans,1 can (355 ml),0,"carbonated water, natural flavors, hop oil",Unknown
BKLYN SUNNY Citrus Lager 6pk Can,$11.49,12 fl oz,Unknown,Unknown,Unknown,Unknown
New Belgium Seasonal Rotator,$12.49,Unknown,Unknown,Unknown,Unknown,Unknown
Hard Ginger Ale Variety 8pk,$15.99,12 fl oz cans,1 can (355 ml),100," Sparkling Filtered Water, Alcohol, Natural Flavors, Pressed Organic Ginger, Citric Acid, Stevia Leaf Extract, Monkfruit.",Unknown
Spiked Hard Seltzer Strawberry Lemonade 8pk Cans,$16.99,12 fl oz,355 milliliter,85," Carbonated Water, Alcohol from Fermented Cane Sugar, Strawberry Puree, Lime Juice, Lemon Juice.",Unknown
Allagash White 6pk 12oz Cans,$13.49,Unknown,Unknown,Unknown,Unknown,Unknown
Voodoo Ranger Juice Force Hazy Imperial IPA,$11.49,Unknown,Unknown,Unknown,Unknown,Unknown
Lagunitas IPA,$17.99,Unknown,Unknown,Unknown,Unknown,Unknown
Deep Terra Ipa 4pk Cans,$18.99,16 oz,Unknown,Unknown,Unknown,Unknown
Fresh Haze Ipa 6pk,$13.49,12 fl oz cans,Unknown,Unknown,Unknown,Unknown
Radler,$11.99,16.9 fl oz,Unknown,Unknown,Unknown,Unknown
Green Yield Ipa 4pk Cans,$18.99,16 oz,Unknown,Unknown,Unknown,Unknown
Gather House Wheat 4pk Cans,$10.99,16 oz,Unknown,Unknown,Unknown,Unknown
Wave Table Ipa 4pk Cans,$13.49,Unknown,Unknown,Unknown,Unknown,Unknown
Lagunitas Island Beats,$13.49,Unknown,Unknown,Unknown,Unknown,Unknown
Hazy Little Thing,$2.79,19.2 fl oz,Unknown,Unknown,Unknown,Unknown
Little Whaleboat Ipa 16.9fz,$7.99,Unknown,Unknown,Unknown,Unknown,Unknown
Cider Variety 12pk,$19.99,1 servings per container,12 fl oz (355 ml),150," Fermented Apple Juice, Pineapple Juice, Malic Acid, Sulfite (Preservative).",Unknown
Coors Light,$12.99,12 fl oz,Unknown,Unknown,Unknown,Unknown
Hard Seltzer Variety Pack No.1 12pk,$17.49,12 servings per container,1 can (355 ml),100,"Natural Lime  Purified Carbonated Water, Alcohol, Natural Flavors, Cane Sugar, Citric Acid, Natural Lime Juice Concentrate, Sodium Citrate., Black Cherry  Purified Carbonated Water, Alcohol, Natural Flavors, Cane Sugar, Citric Acid, Natural Cherry Juice Concentrate, Sodium Citrate., Ruby Grapefruit  Purified Carbonated Water, Alcohol, Natural Flavors, Cane Sugar, Citric Acid, Natural Grapefruit Juice Concentrate, Sodium Citrate., Raspberry  Purified Carbonated Water, Alcohol, Natural Flavors, Cane Sugar, Citric Acid, Natural Raspberry Juice Concentrate, Sodium Citrate.",Unknown
Yuzu Ginger Cider 4pk Cans,$9.99,12 fl oz,1 can,170," Organic Hard Apple Cider Vinegar, Organic Ginger Juice, Organic Natural Flavor, Carbonated.",Unknown
Midnight Painkiller Hard Kombucha,$14.99,12 fl oz,Unknown,Unknown,Unknown,Unknown
Cerveza Atletica Non - Alcoholic Copper,$10.99,Unknown,12 fl oz,65,"water, malt, wheat, hops, yeast",Wheat
Allagash Seasonal House Series 6pk 12oz Cans,$13.49,Unknown,Unknown,Unknown,Unknown,Unknown
Tropical Little Thing IPA,$9.99,12 fl oz cans,Unknown,Unknown,Unknown,Unknown
Hard Kombucha - Clubhouse Sparkling Tea Variety 6pk,$13.99,Unknown,Unknown,Unknown,Unknown,Unknown
Run Wild Non - Alcoholic IPA,$18.99,Unknown,12 fl oz,65," Water, Malted Barley, Oats, Hops, Wheat, Yeast",Wheat
Lagunitas Maximus Ale,$12.49,Unknown,Unknown,Unknown,Unknown,Unknown
American Apple Imperial hard cider 6pk,$10.99,355 ml,Unknown,Unknown,Unknown,Unknown
Powder Day IPA 6 Pack (12oz Cans),$9.99,Unknown,Unknown,Unknown,Unknown,Unknown
3Philosophers Nitro 6/4/16 oz can,$16.49,Unknown,Unknown,Unknown,Unknown,Unknown
Seasonal 6pk Cans,$10.99,12 oz,Unknown,Unknown,Unknown,Unknown
Voodoo Ranger Imperial IPA,$11.49,Unknown,Unknown,Unknown,Unknown,Unknown
Variety Pack No 2 Hard Seltzers,$17.49,144 fl oz,1 can (355 ml),100,"Tangerine  Purified Carbonated Water, Alcohol, Natural Flavors, Cane Sugar, Citric Acid, Natural Tangerine Juice Concentrate, Sodium Citrate., Passion Fruit  Purified Carbonated Water, Alcohol, Natural Flavors, Cane Sugar, Citric Acid, Natural Passion Fruit Juice Concentrate, Sodium Citrate., Lemon  Purified Carbonated Water, Alcohol, Natural Flavors, Cane Sugar, Citric Acid, Natural Lemon Juice Concentrate, Sodium Citrate., Watermelon  Purified Carbonated Water, Alcohol, Natural Flavors, Cane Sugar, Citric Acid, Natural Watermelon Juice Concentrate, Sodium Citrate.",Unknown
Surge Variety 12pk Can 8% ABV,$17.49,12 servings per container,1 can (355 ml),160,"Natural Lime  Purified Carbonated Water, Alcohol, Natural Flavors, Cane Sugar, Citric Acid, Sodium Citrate., Blood Orange  Purified Carbonated Water, Alcohol, Natural Flavors, Cane Sugar, Citric Acid, Sodium Citrate., Cranberry  Purified Carbonated Water, Alcohol, Natural Flavors, Cane Sugar, Citric Acid, Sodium Citrate., Blackberry  Purified Carbonated Water, Alcohol, Natural Flavors, Cane Sugar, Citric Acid, Sodium Citrate.",Unknown
