Product,Price,Ounces,Serving Size,Calories,Ingredients,Allergens
Red Cherries,$9.99,Unknown,1 cup (138 g),87,Cherries,Unknown
Medium Hass Avocado,$1.69,Unknown,0.25 avocado (50 g),80,Avocado,Unknown
Lemon,$0.89,Unknown,1 lemon (58 g),17,Lemon,Unknown
Organic Fuji Apples,$2.21,Unknown,Unknown,Unknown,Unknown,Unknown
Yellow Mango,$1.69,Unknown,1 cup,99,Yellow Mango,Unknown
Organic Garlic,$5.99,Unknown,1 tsp (2.8 g),4.2,Organic Garlic,Unknown
Zucchini Squash,$1.99,Unknown,0.5 cup (chopped) (56.5 g),10,Zucchini Squash,Unknown
Blueberries,$7.99,Unknown,1 cup (148 g),84,Blueberries,Unknown
Organic Baby Spinach Greens (16 Oz),$5.99,Unknown,1 cup (30 g),7, Organic Spinach.,Unknown
Organic Slicing Cucumbers,$1.99,Unknown,1 cup (slices) (100 g),16,Organic Green Cucumber,Unknown
Organic Baby Arugula,$3.79,Unknown,0.5 cup (10 g),2.5, Organic Arugula.,Unknown
Organic Spring Mix,$5.99,Unknown,Unknown,Unknown,"Organic Baby Lettuces (Organic Red and Green Romaine, Organic Red and Green Oak Leaf, Organic Red Leaf, Organic Lollo Rosa, Organic Tango), Organic Red and Green Chard, Organic Mizuna, Organic Arugula, Organic Radicchio, Organic Baby Spinach., the Ingredients in Each Package May Very",Unknown
Organic Packaged Chopped Salad Kit,$4.99,Unknown,1 cup salad only (85 g),25," Salad: Organic Green Cabbage*, Organic Romaine Lettuce*, Organic Brussels Sprouts*, Organic Kale*, Organic Radicchio*. Organic Caesar Dressing: Organic Expeller Pressed Soybean Oil, Water, Organic Parmesan Cheese (Pasteurized Organic Milk, Cheese Cultures, Salt, Vegetable Enzymes), Organic Whole Eggs, Organic Red Wine Vinegar, Organic White Wine Vinegar, Organic Dijon Mustard (Organic Apple Cider Vinegar, Water, Organic Mustard Seed, Sea Salt, Organic Spices), Citric Acid, Natural Anchovy Flavor (Anchovies, Salt, Water), Lactic Acid, Natural Flavors, Organic Cane Sugar, Organic Dehydrated Garlic, Organic Lemon Juice Concentrate, Organic Spices, Salt, Xanthan Gum. Organic Brioche Croutons: Organic Wheat Flour, Organic Expeller Pressed Sunflower Seed Oil, Organic Parmesan and Pepper Spice Blend (Organic Parmesan Cheese [Pasteurized Organic Milk, Sea Salt, Cheese Cultures, Vegetable Enzymes], Disodium Phosphate, Sea Salt, Organic Garlic, Organic Black Pepper, Organic Natural Flavor, Organic Expeller Pressed Sunflower Seed Oil), Organic Palm Oil, Organic Cane Sugar, Sea Salt, Yeast, Organic Rosemary Extract. Organic Parmesan Cheese: Organic Parmesan Cheese (Pasteurized Organic Milk, Cheese Culture, Sea Salt, Vegetable Enzymes), Powdered Cellulose (To Prevent Caking).","Milk and Dairy, Eggs, Fish, Wheat, Soy"
Organic Japanese Sweet Potato,$2.21,Unknown,1 yam (130 g),112,Organic Jewel Yam,Unknown
Organic Russet Potato,$1.69,Unknown,1 potato (medium) (213 g),168,Russet Potato,Unknown
Produce - Packaged Vegetables,$2.79,Unknown,Unknown,Unknown, Broccoli,Unknown
Wild Wonders Gourmet Medley Tomatoes,$4.69,Unknown,1 cup cherry tomatoes (149 g),27,Tomatoes,Unknown
Organic Loose Red Beet,$2.49,Unknown,1 beet (82 g),35,Organic Beets,Unknown
Organic Green Cabbage,$1.29,Unknown,1 cup (chopped) (89 g),22,Organic Green Cabbage,Unknown
Organic Loose Carrots,$1.49,Unknown,1 carrot (medium) (61 g),25,Organic Carrots,Unknown
Organic Carrots (5 Pound),$4.99,Unknown,100 g (100 g),41,Raw Carrots,Unknown
Packaged Chopped Salad Kit,$4.69,Unknown,1 cup,35," Salad: Broccoli Stalk, Kale, Brussels Sprouts, Green Cabbage, Radicchio. Poppy Seed Dressing: Expeller Pressed Canola Oil, Cane Sugar, Water, Organic Apple Cider Vinegar, Salt, Organic Poppy Seeds, Organic Egg Yolks, Organic Orange Juice Concentrate, Xanthan Gum, Organic Dried Onion, Dried Lemon Peel Pepita and Cranberry Blend: Dried Cranberries (Cranberries, Cane Sugar, Expeller Pressed Sunflower Seed Oil), Pepitas (Pumpkin Seeds, Expeller Pressed Canola Oil, Salt).",Eggs
365 Classic Caesar Salad Kit,$4.99,Unknown,1 cup salad only (64 g),10," Salad: Organic Romaine. Organic Caesar Salad Dressing: Organic Expeller Pressed Soybean Oil, Water, Organic Romano Cheese Made from Cow's Milk (Organic Part-skim Milk, Cheese Culture, Salt, Microbial Enzymes), Organic Distilled Vinegar, Organic Egg Yolks, Salt, Organic Dried Garlic, Organic Cane Sugar, Natural Anchovy Flavor, Organic Dijon Mustard (Organic Apple Cider Vinegar, Water, Organic Mustard Seed, Salt, Organic Spices), Organic Lemon Juice Concentrate, Organic Black Pepper, Organic Mustard Flour, Xanthan Gum, Organic Acacia Gum. Organic Croutons: Organic Wheat Flour, Water, Organic Expeller Pressed Sunflower Seed Oil, Organic Garlic Powder, Organic Palm Oil Shortening, Salt, Organic Romano Cheese Made from Cow's Milk (Pasteurized Organic Milk, Cheese Cultures, Salt, Microbial Enzymes, Organic Whey), Organic Cane Sugar, Organic Yeast, Organic Onion Powder, Organic Parsley, Organic Spices, Organic Rosemary Extract. Organic Parmesan Cheese: Pasteurized Organic Milk, Cheese Culture, Salt, Microbial Enzymes, Powdered Cellulose (To Prevent Caking).","Milk and Dairy, Eggs, Fish, Wheat, Soy"
Organic Yellow Potato,$1.99,Unknown,1 potato (medium) (213 g),164,Yukon Gold Potato,Unknown
Green Onion,,Unknown,1 scallion (medium) (15 g),4.8,Green Scallion,Unknown
Organic Bagged Hass Avocados,$6.10,Unknown,100 g (100 g),160,Hass Avocado,Unknown
Organic Red Sweet Potato,$2.21,Unknown,1 yam (130 g),112,Organic Red Yam,Unknown
Organic Produce - Packaged Vegetables,$3.99,Unknown,1 clove (4 g),5,peeled garlic,Unknown
Trimmed Green Beans,$2.79,Unknown,1 cup (100 g),31, Green Beans,Unknown
Sliced Baby Bella Mushrooms,$3.99,Unknown,Unknown,Unknown,Unknown,Unknown
Produce - Organic Packaged Chopped Salad Kit,$5.79,Unknown,1 cup salad only (85 g),25," Salad: Organic Green Cabbage*, Organic Carrots*, Organic Celery*, Organic Cilantro*, Organic Green Onions*. *Vegetable Ingredients May Vary., Organic Asian Sesame Dressing: Organic Expeller Pressed Soybean Oil, Water, Organic Cane Sugar, Organic Distilled Vinegar, Organic Soy Sauce (Water, Organic Soybeans, Organic Wheat, Salt), Organic Expeller Pressed Sesame Seed Oil, Salt, Organic Pineapple Juice Concentrate, Xanthan Gum, Organic Sesame Seed, Organic Spice., Organic Crispy Wontons: Organic Wheat Flour, Organic Expeller Pressed Canola Oil, Water, Sea Salt., Topping: Organic Almonds","Tree Nuts, Wheat, Soy, Sesame Seed"
Organic Lady Alice Apple,$2.99,Unknown,1 apple (182 g),95,Organic Lady Alice Apple,Unknown
Sliced Baby Bella Mushrooms,$2.99,Unknown,1 cup (86 g),19,Baby Bella Mushrooms,Unknown
Roma Tomato,$1.99,Unknown,1 tomato (62 g),11,Plum Roma Tomato,Unknown
Bi-color Corn,,Unknown,0.5 cup (72.5 g),62,Bi-color Corn,Unknown
Red Onion,$1.99,Unknown,0.5 cup (chopped) (80 g),24,Red Onion,Unknown
Cilantro Bunch,,Unknown,0.25 cup (4 g),0.92,Organic Cilantro,Unknown
Organic Baby Bok Choy,$2.79,Unknown,1 cup (raw) (70 g),9,Organic Baby Bok Choy,Unknown
Basil,$3.99,Unknown,Unknown,Unknown, Gotham Greens Basil,Unknown
Dragon Fruit,$7.99,Unknown,Unknown,Unknown,Unknown,Unknown
Organic Chopped Kale,$4.99,Unknown,Unknown,Unknown, Organic Kale.,Unknown
Organic White Nectarine,$5.99,Unknown,1 nectarine (142 g),62,Organic Tree Ripened White Nectarine,Unknown
Organic Eggplant,$2.99,Unknown,1 cup (chopped) (82 g),21,Organic Eggplant,Unknown
Organic Opal Apple,$2.54,Unknown,1 apple (medium) (169 g),96,Organic Opal Apple,Unknown
Organic Italian Mix (Triple-Washed),$3.49,Unknown,Unknown,Unknown,"Organic Romaine, Organic Radicchio",Unknown
Butterhead Lettuce,$3.99,Unknown,Unknown,Unknown,Butterhead Lettuce,Unknown
Royal Star Papaya,$1.99,Unknown,0.5 cup (chopped) (72.5 g),31,Strawberry Papaya,Unknown
Organic Envy Apple,$2.99,Unknown,1 cup (quartered) (125 g),65,Envy Apple,Unknown
Organic Arugula Baby Spinach Salad,$3.79,Unknown,Unknown,Unknown,"Organic Spinach, Organic Arugula",Unknown
Organic Produce,$4.69,Unknown,Unknown,Unknown,Unknown,Unknown
Organic White Mushrooms 8oz,$3.49,Unknown,1 cup (96 g),21,Whole White Mushrooms,Unknown
Chopped Kale,$3.49,Unknown,1 cup (16 g),8,Kale,Unknown
Organic Red Bell Peppers,$6.99,Unknown,1 cup (149 g),46,Sweet Red Bell Peppers,Unknown
Organic Red Potato,$1.99,Unknown,1 potato (medium) (213 g),149,Organic Red Potatoes,Unknown
Peeled Baby Carrots,,Unknown,100 g (100 g),35,Carrots,Unknown
Baby Butterhead Lettuce,$3.99,Unknown,Unknown,Unknown,gotham greens butterhead lettuce,Unknown
Organic Sliced White Mushrooms,$3.32,Unknown,1 cup (70 g),15,White Mushrooms,Unknown
Organic Baby Carrots - Cut & Peeled,$3.49,Unknown,Unknown,Unknown,Baby Carrots,Unknown
Organic 50-50 Blend Baby Spinach & Spring Mix,$5.99,Unknown,Unknown,Unknown,"Organic Baby Spinach, Organic Baby Lettuces (Organic Red and Green Romaine, Organic Tango, Organic Red and Green Leaf, Organic Red and Green Oak Leaf, Organic Lolla Rosa), Organic Red and Green Chard, Organic Arugula, Organic Kale, Organic Mizuna, Organic Frisse, Organic Radicchio.",Unknown
Greenhouse Crunch Lettuce,$3.99,Unknown,Unknown,Unknown, Crunchy Green Leaf Lettuce,Unknown
Little Gems Greens Salad Mix,$4.49,Unknown,2.5 cups (85 g),20,organic little gem lettuce leaves.,Unknown
Produce - Packaged Chopped Salad Kit,$4.69,Unknown,1 cup salad only (85 g),20," Salad: Green Cabbage*, Romaine Lettuce*, Carrots*, Cilantro*, Green Onions*. *Vegetable Ingredients May Vary Organic Creamy Cilantro Dressing: Water, Organic Expeller Pressed Soybean Oil, Organic Pepitas (Pumpkin Seed), Organic Distilled Vinegar, Organic Egg Yolks, Organic Cultured Buttermilk Powder, Organic Lemon Juice Concentrate, Salt, Organic Dehydrated Garlic, Organic Cane Sugar, Organic Cumin, Organic Cilantro, Organic Dehydrated Onions, Lactic Acid, Xanthan Gum. Organic Yellow and Blue Tortilla Strips: Organic Stone Ground Yellow Corn, Organic Stone Ground Blue Corn, Organic Expeller Pressed Sunflower Seed Oil, Sea Salt, Lime. Topping: Organic Pepitas (Pumpkin Seeds)","Eggs, Milk and Dairy, Soy"
Organic Green Onion,$1.69,Unknown,1 medium (15 g),4.8,Organic Green Onions,Unknown
Organic Grape Tomatoes Pint,$3.99,Unknown,Unknown,Unknown,Unknown,Unknown
Organic Yellow Onion Bag,$5.99,Unknown,Unknown,Unknown,Organic Yellow Onions,Unknown
Tomatoes Sugar Bombs,$5.79,Unknown,1 cup cherry tomato (149 gram),27,Grape Tomatoes,Unknown
Baby Spinach,$4.49,Unknown,Unknown,Unknown,Organic Baby Spinach Leaves,Unknown
Green Jalapeno Pepper,$2.49,Unknown,1 pepper (medium) (14 g),4.1,Green Jalapeno Pepper,Unknown
Organic Sweet Mini Peppers,$5.99,Unknown,3 peppers (85 g),25,Organic Sweet Mini Peppers,Unknown
Organic Sugarbee Apple,$3.99,Unknown,1 apple (medium) (182 g),95,Organic Sugarbee Apple,Unknown
Macho Plantain Banana,,Unknown,1 cup (chopped) (148 g),181,Plantain,Unknown
Peeled Cape Gooseberries,$3.99,Unknown,1 cup (150 gram),66,Gooseberries,Unknown
Baby Green Leaf Lettuce,$3.99,Unknown,Unknown,Unknown, Green Leaf Lettuce,Unknown
Shallot,$3.99,Unknown,1 tbsp (10 g),7,Organic Shallot,Unknown
Organic Mini Cucumbers,$4.49,Unknown,1 cucumber (100 g),18,Organic Persian Cucumber,Unknown
Gourmet Spring Mix Salad,$3.99,Unknown,Unknown,Unknown," Varieties Including Green Leaf, Butterhead, Red Leaf and More.",Unknown
Organic Yellow Potatoes,$3.99,Unknown,Unknown,Unknown,Unknown,Unknown
Organic Radicchio,$5.49,Unknown,1 cup (shredded) (40 g),9,Organic Radicchio,Unknown
Broccoli,$1.99,Unknown,1 cup (91 g),31,Broccoli,Unknown
Organic Parsnip,$3.49,Unknown,1 cup (sliced) (133 g),100,Organic Parsnip Root,Unknown
Organic 50-50 Blend Baby Spinach & Spring Mix,$3.79,Unknown,Unknown,Unknown,"Organic Baby Spinach, Organic Baby Lettuces (Organic Red and Green Romaine, Organic Tango, Organic Red and Green Leaf, Organic Red and Green Oak Leaf, Organic Lolla Rosa), Organic Red and Green Chard, Organic Arugula, Organic Kale, Organic Mizuna, Organic Frisse, Organic Radicchio.",Unknown
Whole White Mushrooms,$2.39,Unknown,1 cup (96 g),21,White Mushrooms,Unknown
Organic Brown Fig,$6.99,Unknown,3 medium figs (150 g),111,Organic Brown Turkey Fig,Unknown
Organic Boston Butter Lettuce,$2.99,Unknown,1 cup (shredded) (55 g),7,Organic Boston Butter Lettuce,Unknown
Cotton Candy Green Seedless Grapes,$4.77,Unknown,Unknown,Unknown,Unknown,Unknown
Organic Napa Cabbage,$1.99,Unknown,1 cup (chopped) (89 g),22,Organic Napa Cabbage,Unknown
Orange Sweet Potato,$1.39,Unknown,1 yam (130 g),112,Beauregard Yam,Unknown
Organic Baby Broccoli,$3.99,Unknown,1 cup (chopped) (40 g),9,Broccoli Rabe,Unknown
Organic Cranberries,$7.78,Unknown,0.5 cup (55 g),30, Organic Cranberries,Unknown
Organic Fuyu Persimmon,$4.99,Unknown,1 fruit (168 g),118,Organic Fuyu Persimmon,Unknown
Organic Kabocha Squash,$1.66,Unknown,"1 cup (cubed, raw) (116 g)",39,Kabocha Squash,Unknown
Organic Baby Kale,$5.99,Unknown,1 cup (16 g),8, Organic Kale.,Unknown
Organic Endives,$4.49,Unknown,1 endive (85 g),14,Organic California Endives,Unknown
Poblano Pepper,$4.49,Unknown,1 pepper (45 g),18,Poblano Pepper,Unknown
Organic Chef`s Medley Mushrooms,$8.99,Unknown,2 oz (57 g),24,"May Contain *Pioppino, *Maitake, *Shimeji, *Shiitake, *King Trumpet, *Blue Or *Golden Oyster Mushrooms., *Denotes Organic",Unknown
Organic Roma Tomato,$2.99,Unknown,1 tomato (62 g),11,Organic Plum Roma Tomato,Unknown
Organic Dino Kale,$2.99,Unknown,1 cup (16 g),8,Dino Kale Greens,Unknown
Organic Minneiska SweeTango Apple,$2.99,Unknown,1 apple (medium) (154 g),95,Organic Minneiska Apple,Unknown
Sunrise Medley Potato Nibbles,$3.99,Unknown,5 potato (148 g),120,"Red Petite Potatoes, Yellow Petite Potatoes, Purple Petite Potatoes",Unknown
Organic Celery Root,$2.99,Unknown,0.5 cup (chopped) (50.5 g),8,Celery,Unknown
Avocados,$2.99,Unknown,0.5 cup cubes (75 g),120,Avocados,Unknown
Organic Ready to Steam Spinach,$4.99,Unknown,2 cup (85 g),20,Baby Spinach,Unknown
Organic Apricot,$5.99,Unknown,1 apricot (35 g),17,Organic Apricot,Unknown
Baby Red Butter,$3.99,Unknown,1 container (142 g),25," Red Baby Butter Lettuce*., *Organic",Unknown
Organic Wild Gourmet Mushroom Blend,$4.99,Unknown,Unknown,Unknown,"Shiitake Mushroom, Brown Beech Mushroom, Oyster Mushroom",Unknown
Organic Asian Brown Pear,$3.79,Unknown,1 pear (122 g),51,Asian Pear,Unknown
Organic Vidalia Onion,$1.99,Unknown,0.5 cup (chopped) (80 g),32,Vidalia Onion,Unknown
Organic Baby Bananas,$1.99,Unknown,1 small banana (101 g),90,Organic Baby Nino Banana,Unknown
Brown Asian Pear,$2.99,Unknown,1 pear (122 g),51,Asian Pear,Unknown
Organic Zucchini Noodles,$5.99,Unknown,0.333 cup (85 g),15, Organic Zucchini,Unknown
Yellow Dragonfruit,$7.99,Unknown,Unknown,Unknown,Yellow Dragon Fruit,Unknown
Passion Fruit,$2.99,Unknown,1 fruit (18 g),17,Passion Fruit,Unknown
Organic Red Pear,$2.99,Unknown,1 pear (177 g),112,Organic Red Bartlett Pear,Unknown
Organic Spinach Bunch,$2.69,Unknown,1 bunch (340 g),78,Organic Spinach Bunch,Unknown
Wild Arugula,$3.99,Unknown,20 g,5,Wild Arugula,Unknown
Organic Daikon Radish,$1.99,Unknown,0.5 cup (chopped) (58 g),10,Organic Daikon Radish,Unknown
Yellow Potato,$1.69,Unknown,1 potato (213 g),164,Yukon Gold Potato,Unknown
Organic Sweet Potato,$2.21,Unknown,1 potato (130 g),112,Organic Sweet Potato Yam,Unknown
Fresh Okra,$3.99,Unknown,Unknown,Unknown,Okra,Unknown
Organic Pluot,$4.99,Unknown,1 plum (66 g),30,Pluot Plum,Unknown
Husked Tomatillos,$3.29,Unknown,1 tomatillo (medium) (34 g),11,Husked Tomatillo,Unknown
Apple Totes,$1.49,Unknown,1 medium (169 g),96,Golden Delicious Apples,Unknown
Organic Medjool Dates,$8.99,Unknown,1 pitted date (24 g),66,Organic Medjool Dates,Unknown
Organic Pumpkin Pie Squash,$1.66,Unknown,1 cup (cubes) (116 g),30,Pumpkin Pie Squash,Unknown
Strawberries,$7.99,Unknown,1 nlea serving (147 g),47,Strawberries,Unknown
Organic Sliced Shiitake Mushrooms,$6.79,Unknown,1 cup (70 g),24,Organic Sliced Shiitake Mushrooms,Unknown
Organic Gala Apple Bag,$5.99,Unknown,1 apple (medium) (172 g),98,Organic Gala Apple,Unknown
Large Carving Pumpkin,$6.99,Unknown,1 cup (cubed) (116 g),49,Pumpkin,Unknown
Hass Avocado Bag,$4.49,Unknown,100 g (100 g),160,Hass Avocado,Unknown
Organic Jicama Root,$1.99,Unknown,1 cup (slices) (120 g),46,Organic Jicama Root,Unknown
Serrano Pepper,$4.99,Unknown,1 pepper (6.1 g),2,Serrano Pepper,Unknown
Mung Bean Sprouts,$1.99,Unknown,1 cup (104 g),31,Sprouted Mung Beans,Unknown
Organic Red Butter Lettuce,$2.99,Unknown,3 oz (85 gram),14,Organic Red Butter Lettuce,Unknown
Organic Red Chard,$2.79,Unknown,Unknown,Unknown,Organic Red Chard,Unknown
Organic Honeydew Melon,$5.99,Unknown,1 cup (chopped) (170 g),64,Honeydew Melon,Unknown
Sweet Onion,$1.69,Unknown,0.5 cup (chopped) (80 g),26,Sweet Onion,Unknown
Tahitian Pummelo Grapefruit,$2.49,Unknown,1 cup (sections) (190 g),72,Pummelo Grapefruit,Unknown
Organic Aloe Vera Leaves,$3.49,Unknown,Unknown,Unknown,Organic Aloe Vera,Unknown
Organic Royal Star Papaya,$2.69,Unknown,0.5 cup (chopped) (72.5 g),31,Strawberry Papaya,Unknown
Guavas,$5.99,Unknown,1 guava (55 g),37,Guava,Unknown
Organic Cocktail Tomato,$3.99,Unknown,1 tomato (91 gram),16,Tomatoes,Unknown
Organic Diced Yellow Onions,$5.99,Unknown,1 cup (160 g),64, Organic White Onions,Unknown
Organic Watermelon Radish,$4.99,Unknown,Unknown,Unknown,Unknown,Unknown
Red Oak Leaf Lettuce,$3.99,Unknown,Unknown,Unknown,Red Oak Leaf,Unknown
Organic Red Bell Pepper,$3.32,Unknown,0.5 cup (46 g),14,Orange Bell Pepper,Unknown
Mushrooms Umami,$9.99,Unknown,Unknown,Unknown,"Organic  Royal Trumpet Mushrooms, Shiitake Mushrooms, and Blue Oyster Mushrooms",Unknown
Heirloom Pumpkin,$9.99,Unknown,1 cup (cubed) (116 g),49,Pumpkin,Unknown
Purple Cauliflower,$3.99,Unknown,0.5 cup chopped (53.5 g),13,Purple Cauliflower,Unknown
Baby Spinach,$3.99,Unknown,1 cup (30 g),7,Baby Spinach,Unknown
Organic Golden Beets Bunch,$3.49,Unknown,1 cup (136 g),58,Organic Baby Gold Beets,Unknown
Crispy Leaf,$3.99,Unknown,Unknown,Unknown, Green Leaf Lettuce,Unknown
Organic Dill Bunch,$2.49,Unknown,1 cup (9 g),3.8,Organic Dill,Unknown
Lion's Mane Retail Pack Organic 8oz,$9.99,Unknown,Unknown,Unknown,Lions Mane Mushrooms,Unknown
Organic Carrot & Celery Sticks,$6.99,Unknown,Unknown,Unknown," Organic Carrots, Organic Celery",Unknown
Organic Frisee Green,$2.99,Unknown,2 cup (chopped) (58 g),13,Organic Frisee Greens,Unknown
Jicama Root,$1.99,Unknown,1 cup (slices) (120 g),46,Jicama Root,Unknown
Organic Diced Red Onion,$5.99,Unknown,1 cup (160 g),64, Organic Red Onions,Unknown
Organic Carrot Sticks,$6.99,Unknown,Unknown,Unknown, Organic Carrots,Unknown
Slicing Cucumbers,,Unknown,1 cup (raw),16,Green Cucumber,Unknown
Organic Granny Smith Apples,$2.99,Unknown,1 apple (medium) (167 g),97,Organic Granny Smith Apple,Unknown
Organic White Green Figs,$6.99,Unknown,3 medium figs (150 g),111,White/Green Figs,Unknown
Organic Rosemary,$2.99,Unknown,1 tbsp (1.7 g),2.2,Organic Rosemary,Unknown
Moon Drops Grapes,$4.99,Unknown,0.75 cup (126 g),90,Grapes,Unknown
Tropicana Green Leaf Lettuce,$3.99,Unknown,Unknown,Unknown, Green Leaf Lettuce,Unknown
Organic Blood Orange,$3.49,Unknown,1 orange (large) (184 g),86,Blood Orange,Unknown
Micro Arugula Microgreens,$4.69,Unknown,Unknown,Unknown,Micro Arugula  Arugula Microgreens,Unknown
Organic Yellow Bell Pepper,$4.49,Unknown,1 cup (149 g),46,Red Pepper,Unknown
Crispy Green Leaf Lettuce,$3.99,Unknown,Unknown,Unknown, Crispy Green Leaf Lettuce,Unknown
Minneola Tangelo,$2.49,Unknown,1 fruit (medium) (88 g),47,Minneola Tangelo,Unknown
Minneola Tangelo,$2.49,Unknown,1 fruit (medium) (88 g),47,Minneola Tangelo,Unknown
Organic Celery Sticks,$6.99,Unknown,100 g (100 g),16, Organic Celery,Unknown
Organic Artichokes,$4.99,Unknown,1 artichoke (medium) (128 g),60,Organic Artichoke,Unknown
Habanero Pepper,$7.99,Unknown,1 pepper (8.7 g),26,Habanero Pepper,Unknown
Organic Broccoli Sprouts,$6.99,Unknown,Unknown,Unknown,Organic Broccoli Sprouts,Unknown
Organic Butternut Squash Noodles,$5.99,Unknown,0.333 cup (85 g),40,Organic Butternut Squash.,Unknown
Organic Oyster Mushrooms,$5.39,Unknown,Unknown,Unknown,Organic Oyster Mushrooms,Unknown
Micro Broccoli Microgreens,$4.69,Unknown,Unknown,Unknown, Broccoli Microgreens,Unknown
Peeled Shallots,$3.99,Unknown,1 tbsp (10 g),7,Peeled Shallots,Unknown
Mini Pumpkin,$1.99,Unknown,1 cup (cubed) (116 g),49,Pumpkin,Unknown
Yellow Peach,$3.49,Unknown,0.5 cup (77 g),30,Peach,Unknown
Papaya,$3.79,Unknown,0.5 cup (chopped) (72.5 g),31,Papaya,Unknown
Organic Blackberries,$7.29,Unknown,0.5 cup (72 g),31,Blackberries,Unknown
Brussels Sprouts,$3.99,Unknown,1 cup (88 g),38,Brussels Sprouts,Unknown
Graffiti Eggplant,$3.99,Unknown,Unknown,Unknown,Eggplant,Unknown
Organic Green Kiwi,$4.99,Unknown,1 kiwi (69 g),42,Organic Kiwi,Unknown
Basil in Crispers,$4.99,Unknown,2 tbsp (5.3 g),1.2,Sweet Basil,Unknown
Fuyu Persimmon,$3.99,Unknown,1 fruit (168 g),118,Fuyu Persimmon,Unknown
Organic Red Dandelion Green,$2.99,Unknown,2 cup (raw) (110 g),50,Organic Dandelion Greens,Unknown
Organic Easter Egg Radish,$2.49,Unknown,0.5 cup (slices) (58 g),9,Organic Easter Egg Radish Root,Unknown
Organic Bagged Pink Lady Apples,$5.99,Unknown,1 apple (medium),95,Pink Lady Apples,Unknown
Organic Savoy Cabbage,$1.99,Unknown,1 cup (chopped) (70 g),19,Organic Savoy Cabbage,Unknown
Organic Butternut Squash Roasting Kit,$5.99,Unknown,0.333 cup (85 g),40," Organic Butternut Squash, Organic Sage",Unknown
Black Seedless Grapes,$4.99,Unknown,Unknown,Unknown,Black Seedless Grapes,Unknown
Ugly Greens (are beautiful),$3.99,Unknown,Unknown,Unknown, Red Oak Leaf Lettuce,Unknown
Yuca Root,$2.99,Unknown,1 cup (206 g),330,Yucca,Unknown
Organic Thomcord Grapes,$4.99,Unknown,0.5 cup (75.5 g),52,Organic Thomcord Seedless Grapes,Unknown
Sugar Snap Peas,$4.99,Unknown,1 cup (raw) (63 g),26,Sugar Snap Peas,Unknown
Organic Sungold Cherry Tomatoes,$4.99,Unknown,1 cup (149 g),24,Sungold Cherry Tomato,Unknown
Organic Sunchoke,$5.99,Unknown,1 cup (sliced) (150 g),110,Jerusalem Artichoke (Sunchoke),Unknown
Snow Peas,$4.99,Unknown,1 cup (whole) (63 g),26,Snow Peas,Unknown
Organic Shredded Rainbow Carrots,$2.79,Unknown,1 cup strips or slices (122 g),50, Organic Carrots,Unknown
Organic Alfalfa Clover Sprouts,$4.99,Unknown,Unknown,Unknown,Organic Alfalfa and Organic Clover.,Unknown
Snap Dragon Apple,$1.99,Unknown,1 apple (medium),95,Snap Dragon Apple,Unknown
Red Plumcot,$3.69,Unknown,1 plum (66 g),30,Red Plumcot,Unknown
Romaine Hearts,$3.99,Unknown,Unknown,Unknown,Romaine Hearts,Unknown
Wild Arugula (1 lb),$6.49,Unknown,100 g (100 g),25,Wild Arugula,Unknown
Organic Chives,$2.99,Unknown,1 tbsp (3 g),0.9,Organic Chives,Unknown
Red Mango,$2.99,Unknown,0.5 cup (82.5 g),50,Mango,Unknown
Sliced Portabella Mushrooms,$3.49,Unknown,1 cup sliced (72 g),16,Sliced Portabella Mushrooms,Unknown
Organic Sage,$2.99,Unknown,1 tsp (0.7 g),2.2,Sage,Unknown
Organic Green Kale,$2.99,Unknown,2 cup (raw) (32 g),16,Green Kale,Unknown
Organic Black Figs,$6.99,Unknown,1 medium figs (150 g),111,Organic Black Fig,Unknown
Green Asparagus,$4.43,Unknown,1 cup (67 g),27,Green Asparagus,Unknown
Organic Black Seedless Grapes,$4.99,Unknown,0.5 cup (46 g),31,Black Seedless Grapes,Unknown
Organic Red Radishes,$3.49,Unknown,1 cup slices (116 g),19, Organic Radishes,Unknown
Organic Yellow Squash,$2.99,Unknown,1 squash (196 g),33,Organic Yellow Crookneck Squash,Unknown
Organic English Cucumbers,$2.99,Unknown,1 cup (chopped) (104 g),16,Organic English Cucumber,Unknown
Gold Oyster Mushrooms,$5.39,Unknown,2 oz (57 g),24,Organic Golden Oyster Mushrooms.,Unknown
Broccoli Rabe Rapini,$2.99,Unknown,1 cup (chopped) (40 g),9,Broccolini/Broccoli Rabe (Raw),Unknown
Organic Fountain of Youth Micro and Baby Greens,$9.99,Unknown,Unknown,Unknown,"Organic Red Amaranth, Organic Snow Pea Tendrils, Organic Red Cabbage, Organic Broccoli, and Organic Daikon Radish",Unknown
Italian Eggplant,$3.99,Unknown,1 cup (chopped) (82 g),21,Italian Eggplant,Unknown
Organic Microgreens Arugula,$4.99,Unknown,Unknown,Unknown,Organic Microgreens Arugula,Unknown
Organic Galia Melon,$5.99,Unknown,1 cup (cubed) (160 g),54,Organic Galia Melon,Unknown
Pepper Shishito Party Pack 12oz Cv,$6.99,Unknown,"1 cup, chopped (149 g)",30,Unknown,Unknown
Organic Purple Carrot Bunch,$2.99,Unknown,1 carrot (61 g),35,Organic Carrots,Unknown
Organic Gourmet Blend Oyster,$7.99,Unknown,Unknown,Unknown,"Shiitake Mushrooms, Brown Beech Mushrooms, Oyster Mushrooms",Unknown
Pumpkin Pie Squash,$1.99,Unknown,1 cup (cubes) (116 g),30,Pumpkin Pie Squash,Unknown
Organic Butternut Squash Fries,$5.99,Unknown,0.333 cup (85 g),40,Organic Butternut Squash,Unknown
Radicchio,$4.39,Unknown,1 cup (shredded) (40 g),9,Radicchio,Unknown
Organic Cilantro Microgreens,$4.99,Unknown,Unknown,Unknown,Cilantro Microgreens,Unknown
Organic Bay Leaves,$2.99,Unknown,1 tsp (0.6 g),1.9,Organic Bay Leaves,Unknown
Gold Zucchini,$1.99,Unknown,1 cup (124 g),21,Yellow Zucchini,Unknown
Organic Rosemary (.67 Oz),$2.69,Unknown,1 tsp (0.7 g),0.92,Rosemary,Unknown
Organic Red Kuri Squash,$1.66,Unknown,1 cup (cubed) (140 g),60,Organic Red Kuri Squash,Unknown
Organic Broccoli Microgreens,$4.99,Unknown,Unknown,Unknown,Organic Broccoli Microgreens,Unknown
Peeled White Pearl Onions,$3.99,Unknown,1 cup (chopped) (160 g),64,Peeled White Pearl Onions,Unknown
Rutabaga,$1.99,Unknown,1 cup (chopped) (140 g),52,Rutabaga,Unknown
Peeled Red Pearl Onions,$3.99,Unknown,"1 cup, chopped (160 g)",64,Peeled Red Pearl Onions,Unknown
Baby White Pumpkin,$1.99,Unknown,1 cup (cubed) (116 g),49,Pump Ke Mon Pumpkin,Unknown
Organic Rainbow Blend Microgreens,$4.99,Unknown,Unknown,Unknown,"*Red Cabbage, *Purple Daikon, *Astro Arugula, *Early Wonder Beet, *Yellow Beet, *Parsley, *Celery, *Mizuna, *Crimson Mustard, *Red Giant Mustard, *Red Russian Kale, *Red Amaranth, *Bulls Blood Beet., *Indicates Organic Ingredient",Unknown
Soy Bean Sprouts,$1.99,Unknown,0.5 cup (35 g),43,Sprouted Soybeans (Not Genetically Modified),Soy
Broccoli Deli Sprouts,$5.99,Unknown,Unknown,Unknown,Broccoli Sprouts,Unknown
Gum Drop Grapes,$4.99,Unknown,0.75 cup (126 g),90,Grapes,Unknown
Husked Coconut,$1.99,Unknown,1 piece (45 g),159,Husked Coconut (Meat and Water),Tree Nuts
Italian Prune Plums,$3.69,Unknown,1 cup (165 g),76,Plum,Unknown
Organic Curly Parsley Bunch,$1.99,Unknown,1 tbsp (3.8 g),1.4,Organic Curly Parsley,Unknown
Pazazz Apples,$1.99,Unknown,1 apple (182 g),95,Pazazz Apple,Unknown
Cara Cara Navel Orange,$2.29,Unknown,1 orange (140 g),86,Cara Cara Orange,Unknown
Organic Fennel Bulb,$2.99,Unknown,"1 cup, sliced (87 g)",27,Fennel,Unknown
Organic Slicer Tomato,$3.69,Unknown,1 tomato (123 g),22,Organic Hothouse Tomato,Unknown
Organic Poultry Mix,$2.69,Unknown,Unknown,Unknown,"Organic Sage, Organic Thyme, Organic Rosemary",Unknown
Keitt Mango,$2.99,Unknown,0.5 cup (82.5 g),50,Green Mango,Unknown
Organic Lemongrass,$2.69,Unknown,Unknown,Unknown,Organic Lemongrass,Unknown
Slicer Tomato,$2.69,Unknown,1 cup cherry tomatoes (149 g),27,Cherry Tomatoes,Unknown
White Wine Balsamic Beets,$4.49,Unknown,0.5 cup (85 g),50," Beets, White Wine Vinegar, Balsamic Vinegar, Chicory Root Fibre",Unknown
Organic Clover Sprouts,$3.49,Unknown,Unknown,Unknown,Organic Clover.,Unknown
White Turnip,,Unknown,0.5 cup (65 g),18,Turnip Root,Unknown
Strawberries,$7.99,Unknown,1 cup (whole) (72 g),23,Strawberry,Unknown
Peeled Cipollini Onions,$3.99,Unknown,"1 cup, chopped (160 g)",64,Onions,Unknown
Organic Bay Leaves,$2.69,Unknown,1 tsp (0.6 g),1.9,Organic Bay Leaves,Unknown
Organic Pomegranate,$3.66,Unknown,0.5 cup seeds (87 g),72,Organic Pomegranate,Unknown
Organic Chef's Mix Mushrooms,$3.99,Unknown,Unknown,Unknown,Oyster & Shiitake Mushrooms,Unknown
Organic Bok Choy,$2.39,Unknown,1 cup (70 g),9,Organic Bok Choy,Unknown
Gourmet Blend Sprouts,$3.99,Unknown,Unknown,Unknown," Alfalfa, Sunflower, Beets, Mung Beans, Green Lentils, Red Lentils, Green Peas, Adzuki Beans",Unknown
Organic Keitt Mango,$3.99,Unknown,0.5 cup (82.5 g),50,Organic Kent Mango,Unknown
Organic Celery Bunch,$3.49,Unknown,0.5 cup (chopped) (50.5 g),8,Celery,Unknown
Organic Seafood Herb Mix,$2.69,Unknown,Unknown,Unknown,"Organic Dill, Organic Parsley, Organic Chives",Unknown
Organic Dandelion Greens,$2.99,Unknown,"1 cup, chopped (55 g)",25,Dandelion Greens,Unknown
Seedless Mini Watermelon,$4.99,Unknown,1 cup (chopped) (152 g),46,Seedless Watermelon,Unknown
Organic Nectarine,$4.99,Unknown,1 nectarine (medium) (142 g),62,Nectarine,Unknown
Key Limes,$4.49,Unknown,1 lime (67 g),20,Key Limes,Unknown
Organic King Trumper 3.5oz X 12,$4.49,Unknown,1 cup sliced (72 g),16,Organic King Trumpet Mushrooms,Unknown
Organic Iceberg Lettuce,$2.49,Unknown,"1 cup, chopped (57 g)",8,Organic Iceberg Lettuce,Unknown
Parsnips,$3.49,Unknown,1 cup slices (133 g),100,Parsnips,Unknown
Organic Delicata Squash,$1.66,Unknown,1 cup (cubed) (116 g),39,Organic Delicate Squash,Unknown
Hatch Chile Pepper,$1.49,Unknown,1 pepper (45 g),18,Hatch Chile Pepper,Unknown
Organic French Radish,$2.49,Unknown,"0.5 cup, slices (58 g)",9,Organic French Radish,Unknown
Organic Medley Mix Grape Tomatoes,$4.99,Unknown,1 cup (149 g),27,Organic Cherry Tomato,Unknown
Organic Dill,$2.99,Unknown,5 sprig (1 gram),0.43,Dill,Unknown
Honeydew Melon,$4.99,Unknown,1 cup (chopped) (170 g),61,Honeydew Melon,Unknown
Elephant Garlic,$3.49,Unknown,1 tsp (3 g),4.5,Elephant Garlic,Unknown
Acorn Squash,$1.49,Unknown,1 cup (chopped) (140 g),56,Acorn Squash,Unknown
Organic Marjoram,$2.99,Unknown,1.7 g (1.7 g),4.6,Marjoram,Unknown
Organic Basil,$2.99,Unknown,2 tbsp (5.3 g),1.2,Organic Basil,Unknown
Organic Sunflower Microgreens,$4.99,Unknown,Unknown,Unknown,Organic Sunflower Greens Microgreens,Unknown
Organic Green Asparagus,$5.54,Unknown,0.5 cup (67 g),13,Organic Asparagus,Unknown
Ambrosia Apple,$1.99,Unknown,1 apple (medium) (182 g),95,Ambrosia Apple,Unknown
Fuji Apple,$2.29,Unknown,1 apple (medium),121,Fuji Apple,Unknown
Sweet Tamarind,$4.99,Unknown,100 g (100 g),314,Tamarind,Unknown
Organic Grape Tomatoes,$3.49,Unknown,Unknown,Unknown,Unknown,Unknown
Organic Mint,$2.99,Unknown,2 tbsp (11.4 g),5,Organic Mint,Unknown
Organic Pumpkin,$1.49,Unknown,1 cup (cubed) (116 g),49,Organic Pumpkin,Unknown
Organic Kiwi,,Unknown,1 kiwi (69 g),42,Organic Kiwi,Unknown
Organic White Beech Mushrooms,$4.99,Unknown,1 cup (96 g),15,White Beech Mushrooms,Unknown
Buddha Hand,$5.99,Unknown,Unknown,Unknown,"Buddha's Hand (Fingered), Citron",Unknown
Organic Tarragon,$2.99,Unknown,1 tsp (0.6 g),1.8,Tarragon,Unknown
Organic Cripps Pink Apple,$3.49,Unknown,1 apple (182 g),95,Organic Pink Lady Apple,Unknown
Super Sweet Navel Oranges,$1.99,Unknown,1 cup (165 g),81,Navel Orange,Unknown
Organic Oregano Plant,$2.49,Unknown,Unknown,Unknown,Organic Oregano,Unknown
Organic Thyme,$2.99,Unknown,Unknown,Unknown,Organic Lemon Thyme,Unknown
Organic Mixed Herbs,$2.69,Unknown,1 tsp (0.7 g),0.92,Rosemary,Unknown
Strawberries,$3.99,Unknown,Unknown,Unknown,Strawberries,Unknown
Cotton Candy Grapes,$4.77,Unknown,Unknown,Unknown,Unknown,Unknown
Organic Green Garlic,$3.99,Unknown,3 oz (85 g),26,Chives,Unknown
Organic Brown Beach 3.5oz X 12,$4.99,Unknown,100 g,22,Organic Brown Beech Mushrooms,Unknown
Sweet Potato Bag,$3.79,Unknown,1 cup (150 g),177,Yam,Unknown
Organic Rosemary,$2.99,Unknown,1 tsp (0.7 g),0.92,Rosemary,Unknown
Organic Snow Peas,$4.99,Unknown,1 cup (whole) (63 g),26,Snow Peas,Unknown
Green Coconut,$1.99,Unknown,Unknown,Unknown,Young Tropical Coconut,Unknown
Mesclun Salad,$3.99,Unknown,2 cup (raw) (56 g),20,Spring Mix,Unknown
Russet Potato,$1.19,Unknown,1 potato (medium) (213 g),168,Russet Potato,Unknown
Organic Granny Smith Apple Bag,$5.99,Unknown,1 apple (medium) (167 g),97,Granny Smith Apple,Unknown
Wild Blueberries,$5.99,Unknown,1 cup (148 g),84,Wild Blueberries,Unknown
4` Marjoram,$2.49,Unknown,Unknown,Unknown,Marjoram,Unknown
Delicata Squash,$1.49,Unknown,1 cup (cubed) (116 g),39,Organic Delicate Squash,Unknown
Golden Kiwi,,Unknown,1 kiwi (81 g),51,Golden Kiwi,Unknown
Blood Orange,$2.99,Unknown,1 orange (140 g),69,Navel Orange,Unknown
Dekopon Citrus,$4.99,Unknown,Unknown,Unknown,Unknown,Unknown
Organic Zucchini Squash,$2.99,Unknown,0.5 cup (chopped) (56.5 g),10,Organic Zucchini Squash,Unknown
Organic Portabello Mushroom,$5.99,Unknown,100 g,22,Organic Portobello Mushrooms,Unknown
Organic Pineapple,$4.43,Unknown,1 cup (chopped) (165 g),82,Organic Pineapple,Unknown
Organic Chives,$2.99,Unknown,1 tbsp (3 g),0.9,Chives,Unknown
Aprium Apricots,$4.99,Unknown,1 apricot (35 g),17,Apricot,Unknown
Organic Rainbow Chard,$2.79,Unknown,1 cup (36 g),7,Organic Rainbow Chard,Unknown
Eggplant,$2.49,Unknown,1 cup (chopped) (82 g),21,Eggplant,Unknown
Organic Sage,$2.99,Unknown,Unknown,Unknown,Sage,Unknown
Organic Asian White Pear,$3.49,Unknown,1 pear (122 g),51,Asian Pear,Unknown
Organic Red Mango,$3.99,Unknown,0.5 cup (82.5 g),50,Organic Mango,Unknown
Organic Oregano,$2.99,Unknown,Unknown,Unknown,Organic Oregano,Unknown
Seedless Red Holiday Grapes,$3.49,Unknown,1 cup (75.5 g),52,Red Grapes,Unknown
Orange Bell Pepper,$3.49,Unknown,0.5 cup (75 g),30,Unknown,Unknown
Organic Green Chard,$2.79,Unknown,1 cup (raw) (36 g),7,Green Chard,Unknown
Baby Artichokes,$5.99,Unknown,1 artichoke (medium) (128 g),60,Artichoke,Unknown
Limited Green Seedless Grapes,$3.29,Unknown,0.75 cup (126 g),90,Green Table Grapes,Unknown
Green Bell Pepper,$2.19,Unknown,0.5 cup (chopped) (46 g),9,Green Bell Pepper,Unknown
Seedless Lemon 1lb Bag,$3.49,Unknown,85 g,17,Lemons,Unknown
Organic Strawberries,$8.99,Unknown,"1 cup, whole (144 g)",46,Strawberries,Unknown
Brussels Sprouts,$5.54,Unknown,1 cup (88 g),38,Brussels Sprouts,Unknown
Yellow Nectarine,$2.99,Unknown,1 nectarine (142 g),62,Nectarine,Unknown
Organic Grape Tomatoes,$3.49,Unknown,Unknown,Unknown,Unknown,Unknown
Organic Crimson Pear,$2.99,Unknown,1 cup (140 g),87,Starkrimson Pear,Unknown
Angel Sweet Grape Tomatoes,$4.69,Unknown,1 cup cherry tomatoes (149 g),27,Cherry Tomatoes,Unknown
Gingergold Apple,$1.99,Unknown,1 apple (medium) (169 g),96,Ginger Gold Apple,Unknown
White Asparagus,$6.99,Unknown,0.5 cup (67 g),13,White Asparagus,Unknown
Red Bell Peppers,$3.49,Unknown,0.5 cup (46 g),14,Red Bell Pepper,Unknown
Organic Orange Bell Pepper,$4.49,Unknown,0.5 cup (46 g),14,Orange Bell Pepper,Unknown
Organic Mint Bunch,$2.49,Unknown,2 tbsp (11.4 g),5,Mint (Spearmint),Unknown
Spinach Bunch,$1.99,Unknown,2 cup (raw) (60 g),14,Spinach,Unknown
Seckel Pear,$2.99,Unknown,1 cup (140 g),80,Pear,Unknown
Macintosh Apple,$1.99,Unknown,1 apple (medium) (154 g),95,Organic Macintosh Apple,Unknown
Organic Jonagold Apple,$2.99,Unknown,1 apple (medium) (182 g),95,Organic Jonagold Apple,Unknown
Organic Red Leaf Lettuce,$2.69,Unknown,1 cup (raw) (28 g),4.5,Organic Red Leaf Lettuce,Unknown
Sweet Bell Peppers,$4.49,Unknown,0.5 cup (46 g),14,Sweet Bell Peppers,Unknown
Broccoli Rabe (Rapini),$2.99,Unknown,1 cup (chopped) (40 g),9,Broccoli Rabe (Rapini),Unknown
White Pumpkin,$9.99,Unknown,1 cup (cubed) (116 g),30,White Pumpkin,Unknown
Organic Ambrosia Apple,$2.99,Unknown,1 apple (medium) (182 g),95,Ambrosia Apple,Unknown
Pole Beans,$2.99,Unknown,0.75 cup (85 g),16,Green Beans,Unknown
Organic Bi-Color Corn,$5.99,Unknown,0.5 cup (72.5 g),62,Bi-color Corn,Unknown
Strawberries,$8.99,Unknown,1 nlea serving (147 g),47,Strawberries,Unknown
Fresh Carrot Chips,$2.79,Unknown,0.75 cup (85 g),35,Organic Carrot Chips,Unknown
Meyer Lemon Bag,$3.79,Unknown,1 wedge (7 g),2,Meyer Lemons,Unknown
Baby Bella Mushrooms,$2.79,Unknown,1 cup (86 g),19,Baby Bella Mushrooms,Unknown
Grilled Artichoke Hearts,$5.99,Unknown,10 piece (86 g),80,"Fresh California Artichokes, Water, Olive Oil, Lemon Juice, Extra Virgin Olive Oil, Ascorbic Acid (Anti-oxidant), Sea Salt, Balsamic Vinegar, Garlic, Spices, Natural Smoked Flavor",Unknown
Organic Carrot Bunch,$2.29,Unknown,1 vegetable (medium) (61 g),25,Organic Carrots,Unknown
Organic Juicing Orange Bag,$6.89,Unknown,1 medium orange (154 g),80,Oranges,Unknown
Organic Red Potatoes,$4.99,Unknown,1 potato (medium) (213 g),149,Organic Red Potatoes,Unknown
Cranberries,$2.49,Unknown,0.5 cup (55 g),30,Cranberries,Unknown
Organic Carrots,$1.49,Unknown,1 medium carrot (61 g),25,Organic Carrots,Unknown
Kumato Tomato,$4.29,Unknown,1 tomato (85 g),25,Kumato Tomato,Unknown
Organic Basil,$5.39,Unknown,2 tbsp (5.3 g),1.2,Organic Basil,Unknown
Organic Italian Parsley,$2.29,Unknown,1 tbsp (3.8 g),1.4,Organic Italian Parsley,Unknown
English Cucumbers,$2.19,Unknown,Unknown,Unknown,English Cucumber,Unknown
Organic Shiitake Mushrooms,$5.79,Unknown,3 oz (84 g),47,Organic Shiitake Mushrooms,Unknown
Organic Lemon Bag,$5.54,Unknown,1 lemon (58 g),17,Lemon,Unknown
Organic Blueberries Pint,$6.99,Unknown,1 cup (148 g),84,Blueberries,Unknown
Baby Bella Mushrooms,$4.29,Unknown,1 cup (86 g),19,Baby Bella Mushrooms,Unknown
Organic Romaine Lettuce,$2.99,Unknown,1 cup (47 g),8,Organic Romaine Lettuce,Unknown
Organic Red Radish Bunch,$2.49,Unknown,0.5 cup (58 g),9,Organic Red Radish,Unknown
Organic Carrot Bag,$2.69,Unknown,1 carrot (medium) (61 g),25,Organic Carrots,Unknown
Organic Cilantro,$1.89,Unknown,0.25 cup (4 g),0.92,Organic Cilantro,Unknown
Chanterelle Mushrooms,$24.99,Unknown,1 piece (5.4 g),2.1,Chanterelle Mushrooms,Unknown
Black Mission Figs,$5.99,Unknown,3 medium figs (150 g),111,Black Figs,Unknown
Organic Loose Gold Beets,$2.49,Unknown,1 beet (82 g),35,Organic Gold Beet Root,Unknown
Organic Strawberries,$5.99,Unknown,0.5 cup (whole) (72 g),23,Organic Strawberry,Unknown
Organic Honeycrisp Apple Bag,$8.99,Unknown,Unknown,Unknown,Unknown,Unknown
Organic Shallots Bag,$1.99,Unknown,1 tbsp (10 g),7,Organic Shallot,Unknown
Organic Sweet Apple Slices,$4.43,Unknown,1.5 cups (140 g),80,"Organic Apples, Ascorbic Acid, Calcium Carbonate (A Blend of Calcium and Vitamin C To Maintain Freshness and Color)",Unknown
Young Coconut,$4.99,Unknown,Unknown,Unknown,Young Tropical Coconut,Unknown
Mandarin Bag,$5.54,Unknown,Unknown,Unknown,Mandarin Clementines,Unknown
Organic Red Kale,$2.79,Unknown,2 cup (raw) (85 g),16,Organic Red Kale,Unknown
Blackberries,$3.49,Unknown,Unknown,Unknown,Blackberries,Unknown
Mushroom Maitake Organic,$5.99,Unknown,1 cup diced (70 g),22,Organic Maitake Mushroom,Unknown
Organic Blueberries,$5.49,Unknown,50 berries (68 g),39,Blueberries,Unknown
Hami Melon,$4.99,Unknown,1 cup (cubes) (160 g),54,Hami Melon,Unknown
Organic Coconut Chunks,$8.99,Unknown,1 cup (80 g),283, Coconut.,Tree Nuts
Organic Baby Spinach Salad,$3.49,Unknown,Unknown,Unknown,Unknown,Unknown
Organic Produce,$2.89,Unknown,1 clove,4.5,Unknown,Unknown
Baby Butter,$3.99,Unknown,100 g,13, Butterhead Lettuce,Unknown
Baby Spinach Salad,$5.99,Unknown,Unknown,Unknown, Organic Baby Spinach Leaves.,Unknown
SPRING MIX ORGANIC,$5.99,Unknown,Unknown,Unknown,"organic ingredients: baby greenleaf lettuce, tango, baby spinach, baby red oakleaf lettuce, baby green oakleaf lettuce, baby red chard, baby green chard, lolla rosa, arugula, mizuna, baby bok choy, tatsoi, baby redleaf lettuce, baby red butter., ingredients may vary by season.",Unknown
Watercress,$3.99,Unknown,Unknown,Unknown,Unknown,Unknown
Snow Peas,$3.99,Unknown,Unknown,Unknown,Sugar Snap Peas,Unknown
Organic Chopped Kale,$5.99,Unknown,Unknown,Unknown,"Organic Kale, Organic Kale.",Unknown
Organic Avocado Ranch Salad Kit,$5.79,Unknown,1 cup salad only (64 g),160," Salad Blend: Organic Cauliflower, Organic Broccoli Stalk, Organic Red Cabbage, Organic Green Cabbage, Organic Chicory, Organic Carrots, Organic Kale. Organic Avocado Ranch Dressing: Organic Highly Refined Soybean Oil, Water, Organic Avocado, Organic Distilled White Vinegar, Organic Apple Cider Vinegar, Organic Egg Yolks, Organic Cilantro, Organic Skim Milk Powder, Organic Cane Sugar, Salt, Organic Cornstarch, Organic Dried Onion, Organic Lime Juice Concentrate, Organic Black Pepper, Organic Corn Maltodextrin, Organic Dried Garlic, Xanthan Gum, Organic Cultured Dextrose, Organic Dried Red Pepper, Organic Cumin, Organic Mustard Flour. Organic White Tortilla Chips: Organic Corn Masa Flour, Organic Expeller Pressed Sunflower Seed Oil, Sea Salt.","Milk and Dairy, Eggs, Soy"
Organic Red Cherry Tomatoes,$4.99,Unknown,1 cup (149 g),27,Organic Cherry Tomato,Unknown
Organic Cherry Tomatoes,$4.99,Unknown,1 cup (149 g),27,Organic Cherry Tomato,Unknown
Zima Tomatoes,$4.69,Unknown,1 cup (chopped) (158 g),25,Tomato,Unknown
Organic Plum Cherries,$4.99,Unknown,Unknown,Unknown,Organic Plum Cherries,Unknown
Wild Gourmet Mushroom,$3.99,Unknown,Unknown,Unknown,"Baby Bella Mushroom, Shitake Mushroom, Oyster Mushroom.",Unknown
Baby Bella Mushrooms,$5.79,Unknown,Unknown,Unknown,Baby Bella Mushrooms,Unknown
Organic Baby Kale,$3.79,Unknown,Unknown,Unknown,Unknown,Unknown
Organic Baby Spinach Salad,$3.79,Unknown,Unknown,Unknown,Organic Baby Spinach.,Unknown
ORGANIC WHOLE STRAWBERRIES,$7.29,Unknown,1.25 cup (145 gram),50, Organic Strawberries,Unknown
Organic Wild Red Arugula,$3.49,Unknown,1 container (142 g),45,Unknown,Unknown
Organic Riced Cauliflower,$4.99,Unknown,Unknown,Unknown,Organic Riced Cauliflower,Unknown
Red Seedless Grapes,$7.99,Unknown,Unknown,Unknown,Red Seedless Grapes,Unknown
Organic Peeled Baby Rainbow Carrots,$2.49,Unknown,Unknown,Unknown,Organic Rainbow Baby Carrots,Unknown
Organic Spring Mix,$3.79,Unknown,Unknown,Unknown,"Organic Baby Lettuces (Organic Red and Green Romaine, Organic Red and Green Leaf, Organic Red and Green Oak Leaf, Organic Butter Lettuce), Organic Red and Green Chard, Organic Mizuna, Organic Radicchio.",Unknown
Broccoli Florets,$5.99,Unknown,1 cup (40 g),9, Broccoli,Unknown
Cherry Tomato Cherub,$4.29,Unknown,Unknown,Unknown,Cherry Tomato,Unknown
Butterhead Lettuce,$6.99,Unknown,Unknown,Unknown,Butter Lettuce,Unknown
Organic Portabella Caps (4 ct),$6.99,Unknown,0.5 cup (43 g),9,Organic Portobello Caps Mushrooms,Unknown
Organic Banana,,Unknown,1 banana (118 g),105,Bananas,Unknown
Lime,,Unknown,1 lime (67 g),20,Lime,Unknown
Organic Candy Snap Grapes,$5.99,Unknown,Unknown,Unknown,Unknown,Unknown
Portabella Mushroom Caps,$3.49,Unknown,1 cup diced (86 g),19,Portabella Mushroom Caps,Unknown
SEA SALF & HERB ORGANIC,$4.99,Unknown,0.25 package (110 g),100,"organic potatoes, sea salt, organic parsley, organic paprika, organic black pepper, organic rosemary, organic thyme, organic sunflower oil, organic garlic oil.",Unknown
Seedless Mini Cucumbers,$2.99,Unknown,Unknown,Unknown,Cucumber,Unknown
Organic Shiitake Mushroom Caps,$5.99,Unknown,0.5 cup (raw) (44 g),15,Organic Shiitake Mushrooms,Unknown
Canary Melon,$4.99,Unknown,1 cup (156 g),53,Canary Melon,Unknown
Romaine Hearts,$3.99,Unknown,Unknown,Unknown,Unknown,Unknown
Kohlrabi Slaw,$2.99,Unknown,1 cup (85 g),35," Kohlrabi, Savoy Cabbage, Kale, Carrot, Broccoli.",Unknown
Sugarbee Apple,$2.99,Unknown,Unknown,Unknown,Unknown,Unknown
Gourmet Spring Mix Salad,$6.99,Unknown,Unknown,Unknown," Varieties Including Green Leaf, Butterhead, Red Leaf and More",Unknown
Baby Greens + Crunch Salad,$4.49,Unknown,3 cups (85 g),15,"Organic  Little Gem Lettuce, Red Butter Lettuce, Green Butter Lettuce, Baby Oakleaf Lettuce, Baby Greenleaf Lettuce., May Contain Baby Bok Choy, Baby Green Chard, Tango.",Unknown
Kumquats,$6.99,Unknown,Unknown,Unknown,Kumquats,Unknown
Organic Red Cabbage,$1.49,Unknown,1 cup (chopped) (89 g),28,Organic Red Cabbage,Unknown
Yellow Bell Pepper,$3.49,Unknown,0.5 cup (46 g),12,Yellow Bell Pepper,Unknown
Organic Red Beet Bunch,$3.49,Unknown,1 beet (82 g),35,Organic Beets,Unknown
Organic Shredded Romaine Lettuce,$3.49,Unknown,2 cups (85 g),20, Organic Romaine Leetuce.,Unknown
Organic Baby Spinach Salad Bag,$2.99,Unknown,Unknown,Unknown, Organic Baby Spinach.,Unknown
Heirloom Tomato,$4.79,Unknown,1 tomato (123 g),22,Tomato,Unknown
PERFECTLY PICKLED SLICED BEETS SWEET CHILI 6.5OZ,$4.49,Unknown,0.5 cup (85 g),80," Beets, White Wine Vinegar, Sugar, Natural Flavoring: Chili Extract",Unknown
ORGANIC BEET RICE,$5.99,Unknown,0.333 cup (85 g),35,organic beets,Unknown
Organic Celery Hearts,$3.89,Unknown,Unknown,Unknown,Organic Celery Hearts,Unknown
Organic Petite Baby Carrots,$2.79,Unknown,Unknown,Unknown,Organic Petite Carrots,Unknown
Organic Broccoli,$3.49,Unknown,Unknown,Unknown,Unknown,Unknown
Vidalia Onion,$1.69,Unknown,0.5 cup (chopped) (80 g),32,Vidalia Onion,Unknown
French Beans,$4.99,Unknown,0.75 cup (85 g),16,French Beans,Unknown
Red Plum,$3.69,Unknown,1 plum (66 g),30,Red Plum,Unknown
Baby Red & Green Leaf Lettuce,$3.99,Unknown,Unknown,Unknown,red & green leaf lettuce.,Unknown
Orange Cauliflower,$3.99,Unknown,0.5 cup (chopped) (53.5 g),13,Orange Cauliflower,Unknown
Baby Spinach (1 lb),$6.49,Unknown,2 cup (453 g),14,Baby Spinach,Unknown
Organic Sweet Baby Lettuces,$3.99,Unknown,Unknown,Unknown,Organic Sweet Baby Lettuces,Unknown
Organic Baby Shiitake Mushrooms,$5.99,Unknown,0.5 cup (raw) (40 g),15,Shiitake Mushrooms,Unknown
Organic Mustard Greens,$2.99,Unknown,Unknown,Unknown,Unknown,Unknown
Organic White Peach,$4.99,Unknown,Unknown,Unknown,Unknown,Unknown
Baby Kale,$3.99,Unknown,100 g,49,Baby Kale,Unknown
Organic Shredded Red Cabbage,$6.99,Unknown,Unknown,Unknown, Organic Red Cabbage,Unknown
COCOA CRAZE ENERGY BITES - 5PACK,$6.99,Unknown,1 piece (26 g),95," Dates, Almonds*, Pecans*, Unsweetened Coconut*, Cocoa Powder, Vanilla Extract.",Tree Nuts
Organic Escarole,$2.79,Unknown,1 cup (chopped) (50 g),9,Organic Escarole,Unknown
Cauliflower,$3.29,Unknown,Unknown,Unknown,Unknown,Unknown
Organic Red Grapefruit,$2.29,Unknown,0.5 grapefruit (123 g),52,Organic Red Grapefruit,Unknown
BABY CRISPY GREEN LEAF LETTUCE,$6.99,Unknown,Unknown,Unknown,green leaf lettuce,Unknown
CHIA CRUNCH ENERGY BITES - 5PACK,$6.99,Unknown,1 piece (26 g),100," Cashews, Dates, Chia Seeds, Vanilla Extract, Sea Salt.",Tree Nuts
Shredded Red Cabbage,$2.99,Unknown,1.5 cups (85 g),30, Red Cabbage.,Unknown
Fresh Fruit Platter,$29.99,Unknown,Unknown,Unknown,Unknown,Unknown
BABY RED & GREEN LEAF LETTUCE,$6.99,Unknown,Unknown,Unknown,"green leaf lettuce, red leaf lettuce",Unknown
Organic Power Greens,$5.79,Unknown,2 cups (85 g),30," Baby Chard*, Baby Spinach*, Baby Kale*.",Unknown
Orange Flesh Honeydew,$4.99,Unknown,1 cup (170 g),61,Honeydew Melon,Unknown
Dill Pickle Chopped Kit,$5.39,Unknown,1 cup (100 g),140,"Shredded Cauliflower, Crinkle Cut Radish, Red & Green Cabbage, Green Leaf Lettuce, Kale, Dill Pickle Brioche Crouton Crumbles",Wheat
Seedless Watermelon,$7.99,Unknown,Unknown,Unknown,Unknown,Unknown
Organic Red Plum,$4.99,Unknown,1 fruit (medium) (66 g),30,Red Plum,Unknown
SWEET BABY BUTTER LEAF LETTUCE,$3.99,Unknown,Unknown,Unknown,sweet baby butter leaf,Unknown
Organic Classic Vinegar Marinated Baby Beets,$4.99,Unknown,85 g (85 g),30," Organic Beets, Organic White Vinegar.",Unknown
Organic Sweet Cherry Tomatoes,$4.99,Unknown,1 cup (149 g),27,Organic Cherry Tomato,Unknown
Everything Chopped Kit,$5.39,Unknown,1 cup (100 g),160," , Everything Seasoned Ranch Dressing (Soybean Oil, Cultured Lowfat Buttermilk, Water, Sour Cream [Cultured Nonfat Milk, Cream], Egg Yolks, Distilled Vinegar, Sugar, Contains Less Than 2% Of Salt, Dehydrated Garlic, Spices, Dehydrated Onion, Lactic Acid, Poppy Seed, Mustard Seed, Sesame Seed, Corn Starch, Xanthan Gum, Guar Gum, Natural Flavor), Green Leaf Lettuce, Broccoli, Red Cabbage, Savoy Cabbage, Mini Bagel Toasts (Enriched Wheat Flour [Wheat Flour, Niacin, Reduced Iron, Thiamine Mononitrate, Riboflavin, Folic Acid], Vegetable Oil [Contains One Or More Of the Following: Canola Oil, Soybean Oil, Sunflower Oil], Yeast, Salt, Sugar, Malt, Wheat Gluten, Sodium Bicarbonate), Carrot, Green Onion, Everything Bagel Seasoning (Sesame Seeds, Dehydrated Garlic, Dehydrated Onion, Salt, Black Sesame Seeds, Poppy Seeds).","Milk and Dairy, Eggs, Wheat, Soy, Sesame Seed"
Green Goddess Chopped Salad Kit,$5.39,Unknown,1 cup (100 g),190," , Romaine Lettuce, Green Goddess Dressing (Soybean Oil, Water, Basil, Distilled Vinegar, Contains Less Than 2% Of Sugar, Salt, Pea Protein, Mustard Seed, Spices, Lactic Acid, Dehydrated Green Onion, Dehydrated Garlic, Dehydrated Onion, Xanthan Gum, Natural Flavors, Tamarind Seed, Fruit Juice [Color], Oleoresin Turmeric [Color]), Broccoli, Green Cabbage, Non Dairy Butter Garlic Crumble (Enriched Flour [Wheat Flour, Malted Barley Flour, Niacin, Iron, Thiamin Mononitrate, Riboflavin, Folic Acid], Sunflower and/Or Canola Oil With Rosemary Extract [To Maintain Freshness], Non-dairy Butter Garlic Seasoning [Maltodextrin, Sea Salt, Garlic Powder, Sugar, Acacia Gum, Safflower Oil, Salt, Lactic Acid, Coconut Oil, Natural Flavors, Silicon Dioxide {Anticaking}], Palm Oil, Sea Salt, Yeast, Cane Sugar), Oil Roasted Lentils (Lentils, and High Oleic Oil [Contains One Or More Of the Following: Canola and/Or Safflower Oil]), Carrot, Red Cabbage.","Tree Nuts, Wheat, Soy, Milk and Dairy"
Organic Wild Wonder Tomatoes,$4.99,Unknown,1 cup (149 g),27,Tomatoes,Unknown
Organic Sweet Angel Grape Tomato,$4.99,Unknown,Unknown,Unknown,Organic Grape Tomato,Unknown
Protein Greens Salad,$4.49,Unknown,3.5 cup (119 g),40,"Organic  Sweet Pea Leaves, Baby Spinach, Baby Bok Choy Leaves, Baby Kale, Mizuna.",Unknown
Green Goddess Chopped Salad Kit,$5.39,Unknown,1 cup (100 g),190," , Romaine Lettuce, Green Goddess Dressing (Soybean Oil, Water, Basil, Distilled Vinegar, Contains Less Than 2% Of Sugar, Salt, Pea Protein, Mustard Seed, Spices, Lactic Acid, Dehydrated Green Onion, Dehydrated Garlic, Dehydrated Onion, Xanthan Gum, Natural Flavors, Tamarind Seed, Fruit Juice [Color], Oleoresin Turmeric [Color]), Broccoli, Green Cabbage, Non Dairy Butter Garlic Crumble (Enriched Flour [Wheat Flour, Malted Barley Flour, Niacin, Iron, Thiamin Mononitrate, Riboflavin, Folic Acid], Sunflower and/Or Canola Oil With Rosemary Extract [To Maintain Freshness], Non-dairy Butter Garlic Seasoning [Maltodextrin, Sea Salt, Garlic Powder, Sugar, Acacia Gum, Safflower Oil, Salt, Lactic Acid, Coconut Oil, Natural Flavors, Silicon Dioxide {Anticaking}], Palm Oil, Sea Salt, Yeast, Cane Sugar), Oil Roasted Lentils (Lentils, and High Oleic Oil [Contains One Or More Of the Following: Canola and/Or Safflower Oil]), Carrot, Red Cabbage.","Tree Nuts, Wheat, Soy, Milk and Dairy"
Asiago Kale Chopped Kit,$5.39,Unknown,1 cup (100 g),200," , Lemon Garlic Vinaigrette (Water, Soybean Oil, Olive Pomace Oil, White Balsamic Vinegar [Wine Vinegar, Concentrated Grape Must, Balsamic Vinegar {Wine Vinegar, Concentrated Grape Must}], Garlic [Water, Garlic], Honey, Lemon Juice Concentrate, Shallot, Sugar, Lemon Peel [Lemon Peel Zest, Cane Sugar, Lemon Oil Essence], Dijon Mustard [Distilled Vinegar, Water, Mustard Seed, Sea Salt, White Wine, Citric Acid, Turmeric, Spices], Orange Puree Concentrate, Salt, Spices, Xanthan Gum), Brussels Sprouts, Kale, Croutons (Wheat Flour [Wheat Flour, Malted Barley Flour, Niacin, Iron, Thiamine Mononitrate, Riboflavin, Folic Acid], Canola Oil, Olive Oil, Parmesan Cheese [Cow's Milk, Cheese Culture, Salt, Enzymes, Powdered Cellulose], Salt, Garlic, Sugar, Yeast), Radicchio, Asiago Cheese (Asiago Cheese [Pasteurized Milk, Cheese Culture, Salt, Enzymes], Potato Starch and Powdered Cellulose [To Prevent Caking]).","Milk and Dairy, Wheat, Soy"
Baby Spring Mix,$4.49,Unknown,3 cups (85 g),15,"Organic  Baby Green Leaf Lettuce, Tango, Baby Spinach, Baby Red Oakleaf Lettuce, Baby Green Oakleaf Lettuce, Baby Red Chard, Baby Green Chard, Lolla Rosa, Arugula, Mizuna, Baby Bok Choy, Tatsoi, Baby Redleaf Lettuce, Baby Red Butter., Ingredients May Vary by Season.",Unknown
Organic Diced Butternut Squash,$4.49,Unknown,85 g (85 g),40,Organic  Butternut Squash,Unknown
Organic Sweet Angel Grape Tomato,$4.99,Unknown,Unknown,Unknown,Organic Grape Tomato,Unknown
Organic Cosmic Crisp Apples,$3.99,Unknown,Unknown,Unknown,Unknown,Unknown
Sweetest Batch Blackberries,$5.99,Unknown,Unknown,Unknown,Blackberries,Unknown
Baby Arugula,$4.49,Unknown,Unknown,Unknown, Organic Baby Arugula Leaves.,Unknown
Shelled English Peas,$4.49,Unknown,Unknown,Unknown,English Peas,Unknown
Micro Rainbow Mix Microgreens,$4.69,Unknown,Unknown,Unknown,"Micro Rainbow Mix  Bok Choy, Cabbage, Arugula, Kale, Mustard, and Kohlrabi Microgreens., Ingredients May Vary.",Unknown
Golden Delicious Apple,$1.49,Unknown,1 apple (169 g),96,Golden Delicious Apple,Unknown
Organic Broccoli Rabe,$3.99,Unknown,Unknown,Unknown,Broccoli Rabe,Unknown
ORGANIC SHREDDED CARROTS,$2.79,Unknown,Unknown,Unknown,Unknown,Unknown
Organic Lemon Parmesan Chopped Kit,$5.99,Unknown,1 cup (100 g),310," Organic Romaine Lettuce, Organic Lemon Vinaigrette (Water, Organic Expeller Pressed Soybean Oil, Organic Distilled Vinegar, Organic Cane Sugar, Organic Extra Virgin Olive Oil, Organic Lemon Juice Concentrate, Organic Mustard [Organic Grain Vinegar, Water, Organic Mustard Seed, Salt, Organic Spices], Salt, Organic Spice, Xanthan Gum), Organic Garlic Romano Crumble Crouton (Organic Wheat Flour, Water, Organic Sunflower Oil, Organic Garlic Powder, Organic Palm Oil Shortening, Salt, Organic Romano Cheese [{Pasteurized Organic Cows Milk, Cultures, Salt, Enzymes}, Organic Sweet Whey], Organic Sugar, Organic Yeast Or Yeast, Organic Onion Powder, Organic Parsley, Organic Spices, Organic Rosemary Extract), Organic Kale, Organic Radicchio, Organic Parmesan (Organic Parmesan [Pasteurized Organic Milk, Cheese Cultures, Salt, Enzymes], Powdered Cellulose [To Prevent Caking])","Milk and Dairy, Wheat, Soy"
Red Grapefruit Bag,$7.49,Unknown,0.5 grapefruit (123 g),52,Red Grapefruit,Unknown
Sourced For Good Baby Carrots,$3.99,Unknown,Unknown,Unknown,Baby Carrots,Unknown
Organic Fuji Apple Bag,$5.99,Unknown,1 apple (medium) (182 gram),95,Organic Fuji Apples,Unknown
Micro Wasabi Mustard Microgreens,$4.49,Unknown,Unknown,Unknown,Wasabi Mustard Microgreens,Unknown
Organic Maitake Frondosa,$5.99,Unknown,2 oz (57 g),15,Maitake Frondosa,Unknown
Organic D Anjou Pear,$2.99,Unknown,0.5 cup (70 g),46,Organic D'anjou Pear,Unknown
Packaged Vegetables,$3.29,Unknown,Unknown,Unknown,brussels sprouts.,Unknown
White Peach,$3.49,Unknown,0.5 peach (77 g),30,White Peach,Unknown
Organic Green Leaf Lettuce,$2.69,Unknown,1 cup (raw) (55 g),15,Organic Green Leaf Lettuce,Unknown
Organic Chimichurri Chopped Salad Kit,$5.29,Unknown,1 cup (100 g),120,"organic chimichurri vinegrette (water, organic soybean oil, organic apple cider vinegar, organic jalapeno pepper, organic cilantro, organic garlic, salt, contains less than 2% of: citric acid, natural flavors, organic corn starch, organic dehydrated cilantro, organic dehydrated green onion, organic dehydrated onion, organic dehydrated parsley, organic dehydrated red bell pepper, organic spices, xanthan gum), organic cauliflower, organic broccoli, organic red cabbage, organic green cabbage, organic frisee, organic carrot, organic almonds, organic kale, organic quinoa.",Tree Nuts
Organic Sweet Garleek,$5.99,Unknown,Unknown,Unknown,Unknown,Unknown
Blueberries,$5.49,Unknown,Unknown,Unknown,blueberries,Unknown
Organic Romaine Hearts,$4.99,Unknown,Unknown,Unknown,Organic Romaine Hearts,Unknown
Organic Midnight Roma Tomato,$6.99,Unknown,Unknown,Unknown,Unknown,Unknown
Navel Orange Bag,$6.99,Unknown,1 orange (140 g),69,Navel Orange,Unknown
Green Tear Drop Grapes,$4.99,Unknown,0.75 cup (126 g),90,Grapes,Unknown
Seasoned Kimchi Chopped Salad Kit,$4.69,Unknown,1.75 cups salad only (40 g),110," Salad: Green Cabbage, Savoy Cabbage, Red Cabbage, Carrots, Green Leaf Lettuce, Cilantro, Green Onions. Gochujang Vinaigrette: Water, Cane Sugar, Rice Vinegar, Gochujang (Water, Tapioca Syrup, Brown Rice Flour, Red Pepper Powder, Salt, Alcohol, Garlic Onion), Soy Sauce (Water, Soybean, Wheat, Salt), Expeller Pressed Canola Oil, Salt, Expeller Pressed Sesame Seed Oil, Garlic, White Sesame Seed, Xanthan Gum, Oleoresin Of Paprika. Topping: Fried Carrots (Carrots, Unbleached Enriched Wheat Flour (Wheat Flour Niacin, Reduced Iron, Thiamine Mononitrate, Riboflavin, Folic Acid), Sunflower Seed Oil and/Or Safflower Seed Oil, Sea Salt), Fried Rice Noodles (Rice Flour, Water, Soybean Oil), Kimchi Style Seasoning (Salt, Maltodextrin, Dehydrated Garlic, Sugar, Chile Peppers, Red Bell Pepper Powder, Onion Powder, Sesame Seed, Spices, Citric Acid, Rice Flour, Apple Cider Vinegar, Lactic Acid, Natural Flavors, Extractives Of Paprika [Color], Mustard Oil, Silicon Dioxide (To Present Caking).","Wheat, Soy, Sesame Seed"
Green Seedless Grapes,$7.99,Unknown,Unknown,Unknown,Unknown,Unknown
Lemon Tahini Crunch Chopped Salad Kit,$4.69,Unknown,0.75 cup salad only (70 g),15,Unknown,Unknown
Green Artichoke,$3.99,Unknown,1 artichoke (medium) (128 g),60,Artichoke,Unknown
Organic Rainbow Carrots,$2.99,Unknown,Unknown,Unknown,Unknown,Unknown
Raspberries,$5.99,Unknown,0.5 cup (61.5 g),32,Red Raspberries,Unknown
Carambola Starfruit,$4.99,Unknown,1 starfruit (91 g),28,Starfruit,Unknown
Organic Carrot and Celery Sticks in Water,$6.99,Unknown,"1 cup, chopped (160 g)",64,Peeled Red Pearl Onions,Unknown
Micro Kale,$4.49,Unknown,Unknown,Unknown,Micro Kale  Kale Microgreens,Unknown
Vine On Tomato,$2.29,Unknown,1 tomato (123 g),22,Tomato,Unknown
White Mushrooms,$4.29,Unknown,Unknown,Unknown,Whole White Mushrooms,Unknown
WOW ORG STRAWBERRIES 10OZ,$5.99,Unknown,Unknown,Unknown,Unknown,Unknown
Lemon Bag,$4.79,Unknown,1 nlea serving (58 g),17,Lemons,Unknown
Organic Mushroom Medley,$3.49,Unknown,Unknown,Unknown,Unknown,Unknown
Kiwano Horned Melon,$5.99,Unknown,1 fruit (209 g),92,Horned Melon,Unknown
Organic Black Plum,$4.99,Unknown,1 plum (66 g),30,Black Plum,Unknown
Organic Sweet Prince Cherry Tomato,$5.99,Unknown,Unknown,Unknown,Unknown,Unknown
365 MINI PEPPERS,$6.49,Unknown,Unknown,Unknown, Peppers.,Unknown
Sliced White Mushrooms,$2.49,Unknown,1 cup (70 g),15,White Mushrooms,Unknown
Spicy Green Goddess Chopped Salad Kit,$4.69,Unknown,1.25 cups salad only (70 g),80," Salad: Romaine Lettuce, Red Cabbage, Carrots. Avocado Spring Vinaigrette: Water, Canola Oil, Avocado Puree, Cilantro, Organic Sour Cream (Organic Cultured Pasteurized Milk, Organic Cream, Vegetable Enzymes), Jalapeno, Garlic, Sea Salt, Extra Virgin Olive Oil, Vinegar, Spices, Xanthan Gum, Lemon Juice Concentrate*. Toppings: Flatbread Strips (Organic Wheat Flour, Water, Organic Palm Shortening, Salt, Organic Yeast, Organic Expeller Pressed Sunflower Seed Oil, Organic Onion, Organic Garlic, Maltodextrin*, Organic Spices, Organic Tomato, Organic Natural Flavor, Organic Carrots, Organic Parsley, Organic Celery, Organic Paprika, Ascorbic Acid).","Milk and Dairy, Wheat"
Organic Baby Carrots - Cut & Peeled,$1.99,Unknown,100 g (100 g),35,Carrots,Unknown
White Nectarine,$2.99,Unknown,1 nectarine (142 g),62,Nectarine,Unknown
Organic Green Bell Pepper,$2.99,Unknown,0.5 cup (chopped) (46 g),9,Green Bell Pepper,Unknown
Romaine Lettuce,$3.99,Unknown,Unknown,Unknown, Romaine,Unknown
Organic Koginut Squash,$2.69,Unknown,Unknown,Unknown,Organic Koginut Squash,Unknown
Grape Tomato,$3.49,Unknown,Unknown,Unknown,Unknown,Unknown
Gala Apple,$1.99,Unknown,1 apple (medium) (172 g),98,Gala Apple,Unknown
Organic Yellow Potato Bag,$4.99,Unknown,Unknown,Unknown,Unknown,Unknown
Pomegranate,$3.49,Unknown,Unknown,Unknown,Unknown,Unknown
Grape Tomato,$3.49,Unknown,Unknown,Unknown,Unknown,Unknown
Sliced Shiitake Mushrooms,$6.79,Unknown,100 g (100 g),34,Shiitake Mushrooms,Unknown
Pomegranate,$3.49,Unknown,Unknown,Unknown,Unknown,Unknown
Organic Yellow Potato Bag,$4.99,Unknown,Unknown,Unknown,Unknown,Unknown
Honeycrisp Apples,$2.99,Unknown,1 apple,116,Honeycrisp Apple,Unknown
Pluot,$3.69,Unknown,1 plum (66 g),30,Pluot Plum,Unknown
Organic Red Seedless Grapes,$4.99,Unknown,0.5 cup (75.5 g),52,Organic Red Seedless Grapes,Unknown
Organic Campari Tomatoes,$4.99,Unknown,Unknown,Unknown,Organic Tomatoes,Unknown
Organic Cantaloupe,$4.99,Unknown,Unknown,Unknown,Unknown,Unknown
Organic Gala Apples,$2.69,Unknown,1 apple (172 g),98,Organic Gala Apple,Unknown
Local Slicer Tomato,$2.49,Unknown,1 tomato (large) (182 g),33,Organic Beefsteak Tomato,Unknown
Gala Apple,$1.99,Unknown,1 apple (medium) (172 g),98,Gala Apple,Unknown
Red Grapefruit,$1.79,Unknown,0.5 grapefruit (123 g),52,Red Grapefruit,Unknown
Seedless Red Holiday Grapes,$5.99,Unknown,Unknown,Unknown,Unknown,Unknown
Cantaloupe,$3.99,Unknown,1 cup (chopped) (156 g),53,Cantaloupe Melon,Unknown
Tricolor Bell Peppers,$4.99,Unknown,Unknown,Unknown, Bell Peppers.,Unknown
Organic Cauliflower,$4.99,Unknown,Unknown,Unknown,Unknown,Unknown
ORGANIC SWEET BITES SNACKING TOMATOES ON-THE-VINE,$5.99,Unknown,Unknown,Unknown,Unknown,Unknown
Organic Red Grapefruit Bag,$6.99,Unknown,0.5 grapefruit (123 g),52,Organic Red Grapefruit,Unknown
Organic Lemons,,Unknown,1 lemon (58 g),17,Organic Lemon,Unknown
Bartlett Pear,$1.99,Unknown,1 medium (117 g),112,Bartlett Pear,Unknown
SUNSET QUKES TOPSEAL TWO-BITE CUCUMBER,$3.99,Unknown,Unknown,Unknown,teeny tiny cucumbers,Unknown
Organic Blackberries,$4.99,Unknown,Unknown,Unknown,Unknown,Unknown
Organic Brussels Sprouts,$4.99,Unknown,Unknown,Unknown,Unknown,Unknown
Russet Potato Bag,$3.49,Unknown,Unknown,Unknown, Potatoes.,Unknown
Mushroom Portobello Whole Organic,$3.99,Unknown,Unknown,Unknown,Unknown,Unknown
Organic Blue Oyster Mushrooms,$9.99,Unknown,Unknown,Unknown,blue oyster mushrooms,Unknown
Sweet Kale Lemon Salad Kit,$5.32,Unknown,Unknown,Unknown,Unknown,Unknown
Organic Wheatgrass Pet Salad,,Unknown,Unknown,Unknown,Wheat Grass,Unknown
Whole Baby Bella Mushrooms,$3.79,Unknown,84 g (84 g),18,Whole Baby Bella Mushrooms,Unknown
Organic Sungold Kiwi,$5.99,Unknown,2 kiwifruit (162 g),100,Kiwifruit,Unknown
Organic Collard Greens,$2.99,Unknown,Unknown,Unknown,Unknown,Unknown
Organic Bartlett Pear,$2.54,Unknown,Unknown,Unknown,Unknown,Unknown
Organic Ruby Sensations,$4.43,Unknown,7 potatoes (148 g),110,Organic Potatoes,Unknown
Sliced Portobello Mushrooms,$4.99,Unknown,Unknown,Unknown,Sliced Portobello Mushrooms,Unknown
Organic Butternut Squash,$1.66,Unknown,1 cup (chopped) (140 g),63,Organic Butternut Squash,Unknown
Organic Bosc Pear,$2.99,Unknown,Unknown,Unknown,Unknown,Unknown
Organic 365 Yellow Baby Potatoes,$4.43,Unknown,Unknown,Unknown,Organic Yellow Potatoes,Unknown
Southern BBQ Ranch Salad Kit,$5.32,Unknown,Unknown,Unknown,Unknown,Unknown
Navel Orange Bag,$5.99,Unknown,1 orange (140 g),69,Navel Orange,Unknown
Organic Acorn Squash,$1.66,Unknown,Unknown,Unknown,Unknown,Unknown
Organic Russet Potato Bag,$5.29,Unknown,Unknown,Unknown, Organic Potatoes.,Unknown
Organic Lime Bag,$4.99,Unknown,1 lime (67 g),20,Organic Lime,Unknown
Organic Orange Sweet Potato,$2.21,Unknown,Unknown,Unknown,Unknown,Unknown
Blueberries Pint,$4.99,Unknown,Unknown,Unknown,Unknown,Unknown
Organic Ginger Puree,$3.32,Unknown,Unknown,Unknown,Unknown,Unknown
Organic Garlic Puree,$3.32,Unknown,Unknown,Unknown,Unknown,Unknown
Blackberries,$6.49,Unknown,1 cup (144 g),62,Blackberries,Unknown
White Sliced Mushrooms,$4.99,Unknown,Unknown,Unknown,Unknown,Unknown
Organic Rainbow Bell Peppers,$6.99,Unknown,Unknown,Unknown,Sweet Rainbow Bell Peppers,Unknown
Romaine Lettuce,$1.99,Unknown,1 cup (47 g),8,Romaine Lettuce,Unknown
Organic Mandarin Bag,$6.99,Unknown,1 fruit (74 g),35,Mandarin,Unknown
Organic Green Seedless Grapes,$4.99,Unknown,0.5 cup (75.5 g),52,Organic Green Grapes,Unknown
Leeks,$2.49,Unknown,Unknown,Unknown,Unknown,Unknown
Organic Yellow Peach,$2.99,Unknown,0.5 cup (77 g),30,Organic Yellow Peach,Unknown
Comice Pear,$2.49,Unknown,Unknown,Unknown,Unknown,Unknown
Organic Large Hass Avocados,$2.99,Unknown,Unknown,Unknown,Unknown,Unknown
Organic Red Cherry On Then Vine Tomato,$4.99,Unknown,Unknown,Unknown,Unknown,Unknown
Organic Tomato On The Vine,$3.49,Unknown,1 tomato (123 g),22,Organic Tomato,Unknown
Organic Sweet Onion,$2.29,Unknown,Unknown,Unknown,Unknown,Unknown
Organic Heirloom Tomatoes,$4.99,Unknown,1 tomato (123 g),28,Heirloom Tomato,Unknown
Raspberries,$6.67,Unknown,Unknown,Unknown,Raspberries,Unknown
Organic Bosc Pear,$2.99,Unknown,Unknown,Unknown,Unknown,Unknown
White Sliced Mushrooms,$4.99,Unknown,Unknown,Unknown,Unknown,Unknown
Organic Ginger Puree,$3.32,Unknown,Unknown,Unknown,Unknown,Unknown
Organic Garlic Puree,$3.32,Unknown,Unknown,Unknown,Unknown,Unknown
Organic Butternut Squash,$1.66,Unknown,1 cup (chopped) (140 g),63,Organic Butternut Squash,Unknown
ORGANIC RED CHERRY ON THE VINE TOMATO,$4.99,Unknown,Unknown,Unknown,Unknown,Unknown
Organic Seedless Mini Watermelon,$5.54,Unknown,Unknown,Unknown,Organic Baby Seedless Watermelon,Unknown
Angel Sweet Cherry Tomatoes,$6.10,Unknown,1 cup (raw) (149 g),27,Cherry Tomatoes,Unknown
Organic Basil Puree,$3.32,Unknown,Unknown,Unknown,Unknown,Unknown
Organic Yellow Creamer Potato Bag,$5.54,24 oz,Unknown,Unknown,Unknown,Unknown
Organic Badger Flame Beets,$3.66,20 oz,Unknown,Unknown,Organic Badger Flame Beets,Unknown
Wild Wonders Gourmet Medley,$6.10,Unknown,Unknown,Unknown,Tomato,Unknown
Organic Raspberries,$5.49,Unknown,1 cup (123 g),64,Raspberries,Unknown
Natural Delights Organic Pitted Medjool Dates,$7.77,Unknown,3 dates (46 g),140, Organic Medjool Dates,Unknown
